area,latitude,longitude
100100,-34.50545276,172.77554997
100200,-34.91627744,173.13744282
100400,-34.99527816,173.37873836
100500,-35.12314727,173.21860407
100600,-35.15951697,173.16091938
100700,-35.10383477,173.26414302
100800,-35.1217817,173.26717397
100900,-35.12785001,173.3112224
101000,-35.03331749,173.46127559
101100,-34.99672682,173.50774402
101200,-35.18964254,173.37240745
101300,-35.12407747,173.44813792
101400,-35.02535123,173.57890377
101500,-35.04987698,173.66299855
101600,-35.36850897,173.33840098
101700,-35.29006863,173.46362668
101800,-35.0629133,173.84991312
101900,-35.15410315,173.74331968
102000,-35.28834375,173.61780248
102100,-35.46801387,173.48438703
102200,-35.18267324,173.86535013
102300,-35.28661159,173.79081555
102400,-35.13418331,173.9391431
102500,-35.2099338,173.91841396
102600,-35.2517628,173.90330753
102700,-35.48716638,173.62952632
102800,-35.20805962,173.9624342
102900,-35.58128435,173.51134902
103000,-35.22507309,173.95096304
103100,-35.24639884,173.9577874
103200,-35.33520904,173.85992372
103300,-35.27991822,174.00095246
103400,-35.4228326,173.76534835
103500,-35.40792422,173.79767516
103600,-35.36746635,173.98446287
103700,-35.27932636,174.05921268
103800,-35.25653762,174.12446613
103900,-35.28609895,174.09311792
104000,-35.54715526,173.80536516
104100,-35.49406405,173.95266307
104200,-35.28679106,174.16228184
104300,-35.32270229,174.10002605
104400,-35.36879174,174.22606034
104500,-35.38372176,174.02517066
104600,-35.37897674,174.07575504
104700,-35.47825535,174.1413276
104800,-35.65301955,174.0023164
104900,-35.48991999,174.3350113
105100,-35.66728748,174.20987157
105200,-35.5944828,174.28716175
105300,-35.62944367,174.28665672
105400,-35.76206371,174.15473729
105500,-35.67006476,174.29507452
105600,-35.59792832,174.47802227
105700,-35.64674958,174.40287423
105800,-35.67747272,174.30980246
105900,-35.69015065,174.29505823
106000,-35.68486255,174.30491552
106100,-35.70520079,174.29580182
106200,-35.68085136,174.32304772
106300,-35.74644668,174.25502298
106400,-35.69329776,174.31769963
106500,-35.69457731,174.33166497
106600,-35.71310137,174.30833235
106700,-35.70399025,174.36122936
106800,-35.70451425,174.32430453
106900,-35.73757136,174.29037127
107000,-35.727035,174.30955264
107100,-35.72846995,174.32430322
107200,-35.72599375,174.33964555
107300,-35.74968804,174.29896302
107400,-35.7418305,174.30903757
107500,-35.73638776,174.32005673
107600,-35.62462501,174.51474389
107700,-35.78104758,174.2857558
107800,-35.89588695,174.21595621
108000,-35.69695195,174.42794425
108100,-35.75246425,174.37259829
108200,-35.7486834,174.3618074
108300,-35.76617497,174.363527
108500,-35.76001844,174.42812257
108600,-35.91496801,174.38390319
108700,-35.84344323,174.48686898
108800,-35.87869623,174.45727498
108900,-35.81913112,174.53591875
109100,-35.72900181,173.65124289
109200,-35.87696287,173.97089153
109300,-35.93920158,173.86524045
109400,-36.08477059,174.14649781
109500,-36.20622411,174.32331996
109600,-36.10952458,174.34693916
109700,-36.20144738,174.41954369
109800,-36.11738276,174.54557961
109900,-36.09442027,174.58406666
110100,-36.12486297,174.57648718
110200,-36.31614337,174.47831639
110400,-36.25433822,174.62638047
110500,-36.2928483,174.52152782
110700,-36.59353204,174.31227374
110800,-36.46348663,174.48881947
110900,-36.34097815,174.68669921
111100,-36.38893228,174.65160073
111200,-36.46850912,174.62475233
111300,-36.40528692,174.66791942
111400,-36.39777901,174.69854725
111500,-36.36596181,174.79183013
111600,-36.60344402,174.48396116
111700,-36.42024184,174.72518871
111800,-36.20109801,175.42316367
111900,-36.45696537,174.74610372
112100,-36.58514355,174.56341509
112200,-36.65763462,174.43599289
112300,-36.64952348,174.4986995
112400,-36.67496915,174.45425272
112500,-36.63734759,174.58423463
112600,-36.70989198,174.51574111
112700,-36.58108865,174.67586463
112800,-36.57001949,174.68935557
112900,-36.59013546,174.685784
113000,-36.58726477,174.6944528
113100,-36.6014983,174.67227556
113200,-36.77908114,174.42070067
113300,-36.61231012,174.67000848
113400,-36.6446947,174.65374224
113500,-36.67100483,174.61891208
113600,-36.60606427,174.68651435
113900,-36.61127031,174.69545963
114000,-36.60592118,174.70488989
114100,-36.62799753,174.69160348
114200,-36.7805997,174.46444508
114400,-36.61796366,174.7180399
114500,-36.82525102,174.42922639
114600,-36.62300197,174.72724226
114700,-36.79039063,174.52133836
114800,-36.66711378,174.70992257
114900,-36.63661523,174.73358327
115000,-36.76998293,174.54286666
115100,-36.6293262,174.74176363
115200,-36.63336524,174.75300037
115300,-36.8197327,174.47032818
115400,-36.61663904,174.77704003
115500,-36.72270876,174.64336292
115600,-36.6956027,174.67916408
115700,-36.60949658,174.79413674
115800,-36.63338986,174.76128799
115900,-36.75810331,174.58371179
116000,-36.60509803,174.82325733
116100,-36.77658085,174.57456886
116200,-36.62319574,174.79598006
116300,-36.75507226,174.61584322
116400,-36.82164682,174.5542496
116500,-36.68946348,174.73306962
116600,-36.74982031,174.66020526
116700,-36.71796472,174.69401393
116800,-36.69990012,174.72732927
116900,-36.71007322,174.71678985
117000,-36.79162758,174.62143068
117100,-36.89876888,174.50001
117200,-36.69512414,174.75092916
117300,-36.72820186,174.70483518
117400,-36.7414674,174.68787988
117500,-36.70130329,174.7405506
117600,-36.71657898,174.72207262
117700,-36.71165743,174.7307683
117800,-36.72206732,174.71686745
117900,-36.70665026,174.7443967
118000,-36.85697982,174.54072919
118100,-36.73882334,174.70949248
118200,-36.72178932,174.72994649
118300,-36.71427585,174.74326307
118400,-36.75623258,174.68691977
118500,-36.73133656,174.72363265
118600,-36.74630474,174.71502975
118700,-36.72475755,174.73770545
118900,-36.77353411,174.67354745
119000,-36.7235541,174.74729392
119100,-36.7641032,174.68932537
119200,-36.80986626,174.62812848
119400,-36.77162145,174.69430513
119500,-36.73177873,174.74174762
119600,-36.82710769,174.60791923
119700,-36.73975221,174.73568351
119800,-36.81872701,174.62254037
119900,-36.75886381,174.71130257
120000,-36.7310303,174.75161954
120100,-36.85060481,174.58667717
120200,-36.79691625,174.66172203
120300,-36.81054038,174.63704103
120400,-36.75603242,174.71977269
120500,-36.73858904,174.74654933
120600,-36.83909835,174.60602048
120700,-36.81802341,174.63695983
120800,-36.74390273,174.74864765
120900,-36.83429912,174.61254552
121000,-36.76999591,174.71337437
121100,-36.881095,174.57106823
121200,-36.75526458,174.73587597
121300,-36.75086862,174.74169364
121400,-36.77591921,174.70462204
121500,-36.75965827,174.73009473
121600,-36.82851197,174.62774619
121700,-36.84988607,174.60742952
121800,-36.79327636,174.68619139
121900,-36.76583308,174.72573604
122000,-36.86489607,174.58462975
122100,-36.78197477,174.70359001
122200,-36.74954905,174.75627345
122300,-36.83554837,174.62832303
122400,-36.79268258,174.69359128
122500,-36.84348264,174.62057134
122600,-36.75718347,174.7465398
122700,-36.7738809,174.72661346
122800,-36.79368225,174.70092376
122900,-36.84994988,174.61625895
123000,-36.86005874,174.60220592
123100,-36.78268321,174.71789792
123200,-36.82655522,174.64883254
123300,-36.78941699,174.71290056
123400,-36.76895837,174.7451352
123600,-36.76431463,174.7522307
123700,-36.76039959,174.76178337
123800,-36.86589923,174.60427343
123900,-36.80714782,174.69419527
124000,-36.78480405,174.72587699
124100,-36.96186554,174.47423421
124200,-36.87146189,174.59392367
124300,-36.85924837,174.61797776
124400,-36.80042176,174.70764062
124500,-36.83605713,174.65174006
124600,-36.78026196,174.73458692
124700,-36.90641583,174.56917384
124800,-36.84872236,174.64698422
124900,-36.85979867,174.62411351
125000,-36.87189045,174.6046809
125200,-36.80638223,174.71287204
125300,-36.84345584,174.6562165
125400,-36.77129839,174.76019462
125500,-36.77655884,174.75355966
125600,-36.79003781,174.74379298
125700,-36.86722468,174.62367505
125800,-36.7978865,174.72830919
125900,-36.77174474,174.76846358
126000,-36.88167753,174.6052759
126100,-36.87595448,174.61345826
126200,-36.79435426,174.73620436
126300,-36.81836588,174.71049977
126400,-36.86466374,174.64220852
126500,-36.80733528,174.72689987
126600,-36.78910918,174.76117008
126700,-36.87606154,174.6253423
126800,-36.78202515,174.76947038
126900,-36.88738067,174.61313879
127000,-36.86221041,174.64945896
127100,-36.79888947,174.74444417
127200,-36.79657499,174.75451244
127300,-36.80649304,174.7385397
127400,-36.81601936,174.73031198
127500,-36.88968581,174.62928426
127600,-36.92234659,174.59471127
127700,-36.87411227,174.64687905
127800,-36.8922509,174.61713959
127900,-36.87938504,174.6400701
128000,-36.9893191,174.53510888
128100,-36.8075236,174.75090118
128200,-36.81611854,174.74451838
128300,-36.89892389,174.62097855
128400,-36.88675131,174.63851372
128500,-36.88084491,174.65012599
128600,-36.79521645,174.78100858
128800,-36.80062296,174.77694957
128900,-36.89209039,174.64903698
129000,-36.9037139,174.63073132
129100,-36.89955638,174.64253379
129200,-36.86564859,174.70246177
129300,-36.80517747,174.78818395
129400,-36.81411659,174.777979
129500,-36.89691229,174.65416828
129600,-36.91301994,174.62881821
129700,-36.84490477,174.73164481
129800,-36.85441266,174.71863306
129900,-36.86700191,174.71414708
130000,-36.94487953,174.61183121
130100,-36.91539926,174.63643274
130200,-36.84071817,174.74666884
130300,-36.86042307,174.72244945
130400,-36.85019424,174.73436269
130500,-36.89579137,174.66634449
130600,-36.88903628,174.67969557
130700,-36.81569367,174.79661047
130800,-36.90768225,174.6570296
130900,-36.9174767,174.64329812
131000,-36.90380643,174.66266792
131100,-36.87948054,174.69936142
131200,-36.85137951,174.74159318
131300,-36.8433094,174.75788827
131400,-36.82656718,174.7841077
131500,-36.91560255,174.65302059
131600,-36.85879216,174.73576481
131700,-36.89467964,174.6846386
131800,-36.85220128,174.7504171
131900,-36.88204623,174.70769409
132000,-36.88954577,174.69562749
132100,-36.8644209,174.73374895
132200,-36.87481471,174.71765308
132300,-36.9017384,174.67189036
132400,-36.84857807,174.75659124
132500,-36.92920297,174.64373108
132600,-36.90794042,174.67168246
132700,-36.84707104,174.76276914
132800,-36.86209925,174.74622031
132900,-36.91445572,174.66474139
133000,-36.82716648,174.79688282
133100,-36.89552468,174.69519827
133200,-36.84774104,174.76524972
133300,-36.84601989,174.77646293
133400,-36.85070899,174.76046696
133500,-36.86181959,174.75208551
133600,-36.87312613,174.73197443
133700,-36.84736853,174.76823915
133800,-36.85434043,174.75814216
133900,-36.90748467,174.68596571
134000,-36.82539766,174.80659852
134100,-36.85433303,174.76134796
134200,-36.88345034,174.72339665
134300,-36.85896498,174.75639764
134400,-36.87030191,174.74585155
134500,-36.84768561,174.7720357
134600,-36.94665584,174.63541623
134700,-36.92947622,174.65583671
134900,-36.91793217,174.6718063
135000,-36.90336613,174.69745753
135100,-36.85498533,174.76593774
135200,-36.88951191,174.71690055
135300,-36.8567668,174.76333185
135400,-36.92520977,174.66621863
135500,-36.89532607,174.71110825
135600,-36.91380003,174.68227832
135700,-36.85025882,174.77451266
135800,-36.88180554,174.73133048
135900,-36.85691,174.76641149
136000,-36.86462613,174.75964083
136100,-36.86013178,174.76828549
136200,-36.87476437,174.74595146
136300,-36.88053268,174.73988878
136400,-36.85679261,174.77798053
136500,-36.92110202,174.68283768
136600,-36.90238578,174.71253897
136700,-36.94580721,174.65622649
136800,-36.89480258,174.7215225
136900,-36.87455582,174.75258367
137000,-36.88819147,174.73385278
137100,-36.90919425,174.70324553
137200,-36.91452187,174.69660926
137300,-36.92628317,174.68526542
137400,-36.85621249,174.78751844
137500,-36.96456984,174.63077158
137600,-36.89249272,174.73078769
137700,-36.86913097,174.76555025
137800,-36.8748348,174.76097949
137900,-36.89875702,174.72646197
138000,-36.93348489,174.67733798
138100,-36.88723106,174.7449694
138200,-36.89314875,174.73825366
138300,-36.90852211,174.71637156
138400,-36.88382084,174.75357383
138500,-36.86853889,174.77706299
138600,-36.91483741,174.70821128
138700,-36.87695838,174.77070996
138900,-36.92531189,174.6983916
139000,-36.88500226,174.760481
139100,-36.90326571,174.73405291
139200,-36.85708312,174.81525702
139300,-36.89091675,174.75425547
139400,-36.87008743,174.78592756
139500,-36.92106193,174.70934256
139600,-36.91952771,174.71763043
139700,-36.90053933,174.7442134
139800,-36.91484469,174.72598544
139900,-36.89582511,174.75448765
140000,-36.87147136,174.79423523
140100,-36.85366237,174.82327361
140200,-36.88779009,174.76992615
140300,-36.88236812,174.78035947
140400,-36.908804,174.74301108
140500,-36.8684808,174.8040065
140600,-36.90307735,174.75232867
140700,-36.91583944,174.73830929
140800,-36.89675875,174.76787408
140900,-36.93014096,174.72013007
141000,-36.88443518,174.79526521
141100,-36.855756,174.83237219
141200,-36.90429123,174.75840181
141300,-36.92449342,174.73008619
141500,-36.89528995,174.7782585
141600,-36.87744319,174.80437822
141700,-36.90439621,174.7662217
141800,-36.85773003,174.84092129
141900,-36.86956185,174.8257466
142000,-36.91359172,174.75815493
142100,-36.91988593,174.74732339
142200,-36.89157675,174.7929571
142300,-36.92587047,174.73998756
142400,-36.8760597,174.82144132
142500,-36.92997876,174.74691198
142600,-36.91008886,174.76931709
142700,-36.85712066,174.85071062
142800,-36.90124562,174.78219928
142900,-36.91987919,174.75650998
143000,-36.85233733,174.86193821
143100,-36.88487835,174.81311405
143200,-36.86978506,174.83700703
143300,-36.89200686,174.80750671
143400,-36.91176082,174.77658657
143500,-36.86395106,174.85633024
143600,-36.92611941,174.75558659
143700,-36.88206283,174.83365741
143800,-36.90084121,174.79880394
143900,-36.88285416,174.82744827
144000,-36.85540475,174.87371093
144100,-36.91965553,174.77421645
144300,-36.91226992,174.78673711
144400,-36.89230912,174.8210526
144500,-36.87546729,174.84608811
144600,-36.78767524,174.99965402
144700,-36.873161,174.85691995
144800,-36.90072215,174.8155531
144900,-36.88678029,174.83723014
145000,-36.91974178,174.78709609
145100,-36.8646606,174.8672379
145200,-36.91207992,174.80030606
145300,-36.89388294,174.82931818
145400,-36.88365468,174.85076184
145500,-36.92606886,174.79489131
145600,-36.91863866,174.79648981
145700,-36.88886515,174.84258802
145800,-36.87360239,174.87120197
145900,-36.91999811,174.82258914
146000,-36.89400476,174.84294936
146100,-36.94780505,174.76875626
146200,-36.90212113,174.83177929
146300,-36.88386826,174.86532955
146400,-36.86068628,174.9037907
146500,-36.90148701,174.83884542
146600,-36.91116791,174.82771093
146700,-36.89965538,174.84474639
146800,-36.94356976,174.78854005
146900,-36.77927556,175.05218612
147000,-36.89521581,174.86187464
147100,-36.9022851,174.86035751
147200,-36.90833619,174.84460805
147500,-36.95251573,174.7858599
147600,-36.79613493,175.02985004
147800,-36.88602382,174.89665015
148000,-36.87674433,174.91349074
148100,-36.9085095,174.87269402
148200,-36.94920111,174.80895608
148300,-36.88001336,174.9076561
148400,-36.89546599,174.88380665
148500,-36.95922768,174.7950367
148600,-36.95592834,174.80011155
148700,-36.79263832,175.05220466
148800,-36.88645568,174.90494659
148900,-36.96564384,174.79001448
149000,-36.91819021,174.86882676
149100,-36.93113094,174.8459642
149200,-36.90137998,174.89140685
149300,-36.89466587,174.90252487
149400,-36.95588747,174.81087863
149500,-36.92699118,174.85544369
149700,-36.88980813,174.91318756
149800,-36.91470511,174.87781101
149900,-37.14989636,174.63216856
150000,-36.96170937,174.8102543
150100,-36.94175556,174.83604598
150200,-36.97101355,174.79882139
150300,-36.93828521,174.84722011
150400,-36.89320364,174.91979511
150500,-36.91160179,174.88861633
150600,-36.88715946,174.93040248
150700,-36.90862754,174.89903753
150800,-36.95872645,174.82205607
150900,-36.93272301,174.8626682
151000,-36.97875887,174.79514489
151100,-36.79584373,175.07839806
151200,-36.96750095,174.81463304
151300,-36.90473104,174.90937089
151400,-36.95216719,174.84005503
151500,-36.9198535,174.88678719
151600,-36.97328531,174.80945421
151700,-36.79798055,175.12796937
151800,-36.96532836,174.82444816
151900,-36.94719396,174.84996655
152000,-36.89922262,174.92368474
152100,-36.96400152,174.83260412
152200,-36.90954846,174.91414564
152400,-36.90088621,174.930388
152500,-36.92248095,174.89743987
152600,-36.97185419,174.8222655
152800,-36.98695925,174.82743938
152900,-36.91003877,174.92177547
153000,-36.96377055,174.84941695
153100,-36.92144309,174.90781082
153200,-36.97359119,174.82668701
153300,-36.96930074,174.8391719
153400,-36.89765568,174.94328238
153500,-36.95591017,174.86534764
153600,-36.97679381,174.83033475
153700,-36.91724964,174.92247912
153800,-36.91234246,174.93394109
153900,-36.9227022,174.91641035
154000,-36.97093119,174.8493612
154100,-36.96337293,174.86069682
154200,-36.98140868,174.83755849
154300,-36.90830816,174.94645122
154400,-36.95593456,174.87677994
154500,-36.93387117,174.90699061
154700,-36.92502363,174.92612028
154800,-36.98008106,174.84650545
154900,-36.97461746,174.85800659
155000,-36.88262674,174.99783159
155100,-36.95494224,174.88625064
155200,-36.94313907,174.90527124
155300,-36.93221968,174.92259922
155400,-36.9385812,174.91414624
155500,-36.99138991,174.86947528
155600,-36.97237736,174.87353637
155700,-36.96833434,174.87640961
155800,-36.966167,174.88252157
155900,-36.98945511,174.84681066
156100,-36.94584124,174.91221484
156200,-36.97749183,174.86726543
156300,-36.9417869,174.92247188
156400,-36.89631822,175.00316112
156500,-36.98354464,174.86235623
156600,-36.95210786,174.90970489
156700,-36.98905465,174.85892926
156800,-36.97393225,174.88932555
156900,-36.95525862,174.91670173
157000,-36.98223841,174.87178448
157100,-36.96408816,174.98854671
157200,-36.97278636,174.89431555
157300,-36.96413048,174.91309841
157400,-36.88774867,175.03797111
157500,-36.97187248,174.90214003
157600,-37.00828264,174.8624367
157700,-36.97956376,174.89311669
157800,-36.95819159,174.93091114
157900,-36.98563252,174.89012173
158000,-36.97749254,174.90785629
158100,-36.97596797,174.9175859
158200,-36.96503986,174.9321751
158300,-36.98571899,174.9077134
158400,-36.99903763,174.88709031
158500,-36.99421746,174.89732834
158600,-36.98204749,174.93107925
158700,-37.02445325,174.8600384
158800,-37.02139033,174.86798825
158900,-36.97921496,174.95509968
159000,-37.0016393,174.90024498
159100,-37.0133257,174.88546124
159200,-37.01888813,174.87799595
159300,-37.00156996,174.91303846
159400,-37.13836247,174.70757601
159500,-37.03235369,174.85926627
159600,-37.01063595,174.89789866
159700,-37.03230003,174.8651409
159800,-37.13436391,174.76437739
159900,-37.02855927,174.8721658
160000,-37.02529361,174.88087913
160100,-37.02111515,174.89147225
160200,-37.03938307,174.86530684
160300,-37.01717082,174.90042465
160400,-37.01247699,174.92080195
160500,-37.03734988,174.87760685
160600,-37.03219654,174.88734352
160700,-37.04682412,174.86299551
160800,-37.02583832,174.90610927
160900,-37.03138834,174.90040876
161000,-37.01986261,174.91783022
161100,-37.05128128,174.87522682
161200,-37.03867016,174.89487336
161300,-37.02624737,174.91357933
161400,-37.12442419,174.82148593
161500,-37.04722333,174.8929496
161600,-37.02622521,174.93229242
161800,-37.0486937,174.91293014
161900,-37.04393764,174.91537177
162000,-37.04068506,174.92112941
162100,-37.0415736,174.93888309
162200,-37.05069884,174.92586896
162300,-37.06183843,175.01147993
162400,-37.20183488,174.75527205
162500,-37.0736996,174.91419445
162600,-37.04902013,174.94514981
162700,-36.98413362,175.15196852
162800,-37.05653671,174.93416803
162900,-37.01480977,175.04590674
163000,-37.05741406,174.94794613
163100,-37.06864785,174.93272857
163200,-37.06542305,174.94281885
163300,-37.05143433,174.96594275
163400,-37.08456461,174.92648385
163500,-37.05933436,174.96239449
163600,-37.0662997,174.95483864
163700,-37.0807433,174.93811005
163900,-37.05846123,174.97920854
164000,-37.07682576,174.94797761
164200,-37.06738541,174.97729374
164300,-37.10606959,174.93669402
164400,-37.2446936,174.72332941
164500,-37.24583465,174.73952417
164600,-37.11220768,174.97476145
164700,-37.25584046,174.72781174
164800,-37.25796999,174.73496824
164900,-37.25314449,174.7507266
165000,-37.21369487,174.847442
165100,-37.15945142,174.93408164
165200,-37.08256361,175.08169261
165300,-37.18225476,174.89580342
165400,-37.18633345,174.93550996
165500,-37.20097025,174.88803986
165600,-37.18797047,174.9107133
165700,-37.20705288,174.8959015
165800,-37.19697684,174.91307633
165900,-37.21592548,174.8926362
166100,-37.21226696,174.90262406
166200,-37.22733765,174.91924064
166300,-37.17536804,175.0022561
166400,-37.14686222,175.08246983
166500,-36.69966402,175.48157611
166700,-36.75575844,175.49571548
166900,-36.84372857,175.61178473
167000,-36.82143931,175.6736582
167100,-36.8336234,175.69356396
167200,-37.0047507,175.54379335
167300,-36.84060376,175.74775563
167400,-36.97215776,175.71637026
167500,-37.1074127,175.62523646
167600,-37.13153868,175.54591871
167700,-37.14032281,175.54142966
167800,-37.1491222,175.55903757
168000,-37.16787966,175.56011763
168100,-36.99459914,175.85342329
168200,-37.03385041,175.85488182
168300,-37.23726446,175.66087396
168400,-37.17526649,175.83010048
168500,-37.21349281,175.86658897
168600,-37.11354894,175.27611278
168700,-37.26398219,175.39649071
168800,-37.23819335,175.54353689
168900,-37.27899729,175.4915105
169000,-37.355292,175.48248555
169100,-37.39345524,175.57864603
169200,-37.37535256,175.67393688
169300,-37.43661886,175.78432191
169400,-37.38622736,175.83349229
169500,-37.3822807,175.85561293
169600,-37.397349,175.83752238
169700,-37.29132737,174.77509206
169800,-37.1550063,175.17580209
169900,-37.28621227,174.95229059
170000,-37.25721309,174.94816256
170100,-37.36416985,174.87549359
170200,-37.27014853,175.00483175
170300,-37.28146265,174.94066878
170400,-37.46326144,174.78022151
170500,-37.24416888,175.0202153
170600,-37.35591115,175.00526866
170700,-37.27897408,175.21484861
170900,-37.69707947,175.04556188
171100,-37.4025191,175.14802087
171200,-37.53043725,175.19128309
171300,-37.42381266,175.30852178
171400,-37.53603123,175.13873674
171500,-37.55408564,175.16553246
171600,-37.8113872,174.8538483
171700,-37.5709867,175.3171859
171900,-37.65858387,175.18844215
172000,-37.66207762,175.15347345
172100,-37.66638305,175.14506504
172200,-37.68072142,175.14339886
172300,-37.65939637,175.27496356
172400,-37.72194588,175.16334028
172500,-37.76133473,175.12331755
172600,-37.70262644,175.20250653
172700,-37.70633361,175.28189629
172800,-37.80041059,175.15911148
172900,-37.79646444,175.22051366
173000,-37.74851528,175.3389199
173100,-37.73963043,175.43296094
173200,-37.8125973,175.35271026
173300,-37.79999562,175.42305312
173400,-37.84740377,175.38978183
173500,-37.52132213,175.46480172
173600,-37.50073616,175.62867197
173700,-37.64163374,175.59349461
173800,-37.69903344,175.52480796
173900,-37.64774647,175.53612606
174000,-37.65791668,175.51913057
174100,-37.53376025,175.70924175
174200,-37.55101925,175.70065739
174300,-37.59772787,175.76835054
174400,-37.64354365,175.70496716
174500,-37.71603663,175.7456246
174600,-37.78764074,175.7349705
174700,-37.77286251,175.84579003
174800,-37.87610156,175.72059543
174900,-37.8092195,175.78065623
175000,-37.81753128,175.77119821
175100,-37.87153608,175.87306966
175300,-37.72225897,175.24766938
175400,-37.75541514,175.21139966
175500,-37.729433,175.23989195
175600,-37.71737955,175.26505049
175700,-37.73942064,175.23527085
175800,-37.73415885,175.25375047
175900,-37.72662295,175.26539165
176000,-37.74160973,175.24441842
176100,-37.72619876,175.28195734
176200,-37.73648973,175.26994776
176400,-37.75310645,175.25025439
176500,-37.75334806,175.26167671
176600,-37.74645488,175.26616377
176700,-37.73572255,175.28384883
176800,-37.77209972,175.23499752
176900,-37.74374104,175.28372029
177000,-37.78528581,175.22663967
177100,-37.78502392,175.23357387
177200,-37.77962005,175.24016975
177300,-37.75401103,175.2771694
177400,-37.77134221,175.25290895
177500,-37.75074523,175.28495138
177600,-37.76368245,175.26146548
177700,-37.76463892,175.27155726
177800,-37.7587924,175.28637944
177900,-37.78865021,175.24575574
178000,-37.77834857,175.26028849
178100,-37.79839009,175.23931456
178200,-37.76889278,175.284084
178300,-37.77756896,175.27048029
178400,-37.76256822,175.29423335
178500,-37.76127248,175.30316917
178600,-37.82263785,175.21910345
178700,-37.79404129,175.25219515
178800,-37.80133598,175.25054092
178900,-37.79650916,175.26255885
179100,-37.77006022,175.29653861
179200,-37.77240012,175.31761726
179300,-37.77969313,175.28791146
179400,-37.78938082,175.28203067
179500,-37.79791394,175.27349231
179600,-37.77692046,175.2973258
179700,-37.79028168,175.29324653
179800,-37.80074182,175.2844169
179900,-37.78580589,175.31016401
180000,-37.7913507,175.30343068
180100,-37.81091872,175.27938651
180200,-37.80128004,175.30076378
180300,-37.81569499,175.2785074
180400,-37.8203408,175.27419165
180500,-37.80931055,175.2924365
180600,-37.79546663,175.31326581
180700,-37.79610513,175.32167122
180800,-37.79128988,175.32912389
180900,-37.81914877,175.29054836
181000,-37.82572526,175.28737408
181100,-37.81785453,175.30086297
181200,-37.80516292,175.32490337
181400,-37.92511289,175.12769727
181500,-37.86550268,175.20500766
181600,-37.85237531,175.29365388
181700,-37.93011525,175.24270782
181800,-37.88426455,175.35405891
181900,-37.99437359,175.20466961
182000,-37.84547487,175.44126339
182100,-38.02371113,175.25791046
182200,-37.94962706,175.34864156
182300,-37.84886961,175.48261168
182500,-37.87109072,175.56894865
182600,-37.8739543,175.4699974
182700,-37.8870045,175.45779762
182800,-37.882191,175.47346428
182900,-37.90135655,175.44969234
183000,-37.87830147,175.48788589
183100,-37.93423692,175.41630478
183200,-37.89316701,175.47159053
183300,-37.99873125,175.32167082
183400,-38.00845928,175.30468954
183500,-37.90325801,175.47086094
183600,-38.00680748,175.31677998
183700,-37.91630252,175.46771972
183800,-37.91053559,175.47246285
183900,-37.902915,175.48298816
184000,-38.0160303,175.31531928
184200,-38.00799642,175.34448965
184300,-38.02172341,175.32426247
184400,-38.01763951,175.33600784
184500,-38.03675379,175.33265785
184600,-38.02123915,175.43705434
184800,-38.03798646,175.35079965
184900,-37.99001963,175.59740495
185000,-38.09897589,175.54852216
185200,-38.07790098,174.95930582
185300,-38.12541932,175.13996614
185400,-38.12026201,175.25944879
185500,-38.18318495,175.21677363
185600,-38.25985712,175.35339708
185700,-38.28518422,175.55136504
185800,-37.95916018,175.81429616
185900,-38.09657792,175.73244372
186000,-38.05293796,175.78466514
186100,-38.29131119,175.79670359
186200,-38.21178412,175.8515199
186300,-38.20923493,175.8736035
186400,-38.22438631,175.85345651
186500,-38.22081091,175.86351739
186600,-38.23232788,175.86534607
186700,-38.2230221,175.8734232
186800,-38.23905279,175.8629699
187000,-38.45166436,174.80364536
187100,-38.28355305,175.06938344
187200,-38.5422892,175.02022119
187300,-38.33639894,175.16019027
187400,-38.33422954,175.1750142
187500,-38.45839327,175.27657366
187700,-38.51214377,175.78064218
187800,-38.52137003,176.09477746
187900,-38.87191067,175.73166979
188000,-38.65445471,175.97695924
188200,-38.68443198,176.26217734
188300,-38.70123976,176.01956806
188400,-38.68168999,176.05272614
188500,-38.67360248,176.07424697
188700,-38.6735574,176.11357314
188800,-38.68453849,176.08132064
188900,-38.68673952,176.09245067
189000,-38.69357961,176.0859815
189100,-38.69976213,176.09915047
189200,-38.71039633,176.09930075
189300,-38.71708174,176.08828545
189400,-38.73418064,176.07918334
189600,-38.74070686,176.15425145
189700,-38.99284557,175.8060691
190200,-37.42807039,175.9556145
190300,-37.519043,175.89229314
190400,-37.44455774,175.95917327
190500,-37.61688515,175.89393796
190600,-37.55213437,175.92548294
190900,-37.70302699,175.96812271
191000,-37.64305079,176.03430624
191100,-37.655611,176.01466007
191200,-37.68313647,176.068803
191300,-37.77273465,176.01540781
191400,-37.88590858,176.02098429
191600,-37.78247813,176.1993878
191700,-37.87712037,176.14775568
191800,-37.80633865,176.27291154
191900,-37.7881496,176.3108254
192000,-37.85543327,176.33462575
192100,-37.7898618,176.32555033
192300,-37.75952859,176.46345044
192400,-37.78609613,176.51756887
192500,-37.89305456,176.49614474
192600,-37.66586707,176.12333377
192800,-37.63000366,176.1731587
192900,-37.66755205,176.13245336
193000,-37.69058759,176.10753065
193100,-37.67938337,176.1292392
193200,-37.66946351,176.14903993
193300,-37.67691846,176.1443713
193400,-37.69077076,176.13051689
193500,-37.7065879,176.11498118
193600,-37.68730456,176.14143485
193700,-37.64901161,176.19758038
193800,-37.67947411,176.16704264
193900,-37.66423891,176.19448097
194000,-37.69516132,176.14345446
194100,-37.70366196,176.13076274
194200,-37.72532991,176.1067655
194300,-37.65870852,176.20775005
194400,-37.70320853,176.14700706
194500,-37.75604256,176.09165915
194600,-37.71588753,176.13556748
194700,-37.72765679,176.12518714
194800,-37.7084259,176.15681961
194900,-37.67104486,176.21679849
195000,-37.69819147,176.19717384
195100,-37.75427199,176.1087299
195200,-37.72989507,176.13764569
195300,-37.72182391,176.14635129
195400,-37.74119093,176.12802796
195500,-37.67254346,176.2257874
195600,-37.74928473,176.12244347
195700,-37.73216784,176.15064855
195800,-37.67469413,176.23384817
195900,-37.7183264,176.17894876
196000,-37.7321134,176.16271025
196100,-37.74799664,176.14236026
196200,-37.68431126,176.24299636
196300,-37.73959423,176.17669023
196400,-37.74926894,176.16160301
196500,-37.70754878,176.24959109
196600,-37.73107452,176.18502146
196700,-37.72030061,176.20928394
196800,-37.69041269,176.25492252
196900,-37.73637425,176.19743547
197000,-37.69284374,176.26278414
197100,-37.69834431,176.27636175
197200,-37.7028057,176.29535171
197300,-37.71059488,176.29681832
197400,-37.70757761,176.31110176
197500,-37.71900661,176.34389997
197600,-37.73298319,176.35904418
197700,-38.01697507,176.12931898
197900,-38.14347351,176.15742503
198000,-38.03031339,176.2509833
198100,-38.06283551,176.21388396
198200,-38.07907701,176.20454377
198400,-38.09960701,176.21341758
198500,-38.11866039,176.21668892
198600,-38.12832953,176.20626181
198700,-38.05706156,176.45805764
198800,-38.10882745,176.2369396
198900,-38.11485248,176.22903822
199000,-38.12374566,176.22097675
199100,-38.13486467,176.2054859
199200,-38.14208034,176.20726579
199400,-38.12154784,176.23823269
199500,-38.13572124,176.2179799
199600,-38.14973623,176.20917803
199700,-38.14335034,176.22315121
199800,-38.13474084,176.24242829
199900,-38.14249953,176.23214439
200000,-38.15440452,176.2216546
200200,-38.14990065,176.23465785
200300,-38.1428939,176.2445082
200400,-38.1090756,176.3811602
200500,-38.14741329,176.24606798
200600,-38.16331896,176.22771944
200700,-38.15887997,176.23593548
200800,-38.15361117,176.24756632
200900,-38.1297808,176.29121456
201000,-38.11483901,176.32505172
201200,-38.15219623,176.25754054
201300,-38.16412016,176.25173097
201400,-38.13784197,176.29814382
201500,-38.14940578,176.28895362
201600,-38.3265856,176.19950049
201700,-38.25763217,176.45697211
201800,-38.43903714,176.350431
201900,-37.94949244,176.66958968
202000,-37.93846406,176.80043803
202100,-38.04128543,176.74994854
202200,-37.97371477,176.82908816
202300,-37.98393622,176.90843855
202400,-38.05714893,176.80257253
202500,-37.94356079,176.96233432
202600,-37.96340527,176.96559282
202700,-37.95356587,176.99232736
202800,-37.96899468,176.97770942
202900,-37.96801926,176.98635382
203000,-37.96128021,177.0023902
203100,-38.01390602,177.03388212
203200,-37.98331205,177.11508716
203400,-38.59477922,176.83164675
203500,-38.28225314,177.02173872
203600,-38.45393088,176.70638789
203700,-38.09544004,176.67500308
203900,-38.09034331,176.70935902
204100,-38.04672615,177.2017177
204200,-37.85617143,177.78942872
204300,-38.01656194,177.25965904
204400,-38.0131159,177.28682473
204500,-38.02845968,177.3479923
204700,-37.68457303,178.25309634
204800,-38.34127548,177.70733968
204900,-37.86680632,178.19588547
205000,-38.07908632,178.14017739
205100,-38.67842084,177.63331484
205200,-38.4322622,178.15682921
205300,-38.65827971,177.89701491
205400,-38.62021616,177.96813152
205500,-38.63811028,177.99902719
205600,-38.65787303,177.97255068
205700,-38.64381481,177.99767123
205800,-38.65019278,178.00054269
205900,-38.63947853,178.01215184
206000,-38.65935883,177.99213863
206100,-38.6565594,178.00431578
206200,-38.64354706,178.02146282
206300,-38.64907911,178.0142546
206400,-38.6560244,178.01721277
206500,-38.66282628,178.0094277
206600,-38.64990296,178.03200646
206700,-38.65837976,178.02898274
206900,-38.66763381,178.04468182
207000,-38.67922301,178.03919529
207100,-38.66939983,178.05655503
207200,-38.67903252,178.05343956
207300,-38.69472117,178.05983754
207400,-38.9717569,177.05706012
207600,-38.79568211,177.34997241
207700,-39.01763369,177.54176403
207800,-39.03908469,177.41898076
207900,-38.98042026,177.71581946
208000,-39.19745874,176.64300698
208100,-39.47575154,176.49801476
208200,-39.62634976,176.29699518
208300,-39.4377947,176.79125757
208400,-39.56659265,176.82024777
208500,-39.63313082,176.76284806
208600,-39.59961385,176.81874894
208700,-39.75996379,176.70227115
208800,-39.61622285,176.77323386
209000,-39.61954659,176.78200752
209100,-39.62368341,176.78714711
209200,-39.63097019,176.79128021
209400,-39.62166848,176.82925988
209500,-39.63000463,176.82581524
209600,-39.58681014,176.91303792
209700,-39.63470466,176.83315248
209800,-39.62404962,176.84888085
209900,-39.64068599,176.82489735
210000,-39.63081696,176.84243026
210200,-39.67130041,176.82499355
210300,-39.64609207,176.83245272
210400,-39.62823535,176.88383629
210500,-39.63962329,176.84642759
210600,-39.63141616,176.8562162
210700,-39.65011585,176.8405243
210800,-39.64447191,176.85383704
210900,-39.64014808,176.86339942
211000,-39.65455823,176.84825769
211100,-39.64945934,176.86097554
211200,-39.63473335,176.92517797
211300,-39.6348138,176.97324787
211400,-39.6706916,176.87014438
211500,-39.66451096,176.88627126
211700,-39.65974248,176.8952269
211800,-39.67719283,176.87643265
211900,-39.67259367,176.89279269
212000,-39.68967679,176.903869
212100,-39.68336487,176.88652908
212200,-39.7652496,176.93488506
212300,-39.44155622,176.85839471
212400,-39.50072983,176.83415263
212500,-39.49267269,176.8587725
212600,-39.4746211,176.88117125
212800,-39.49700088,176.88218064
212900,-39.48272533,176.89759358
213000,-39.52609392,176.83827792
213100,-39.51591342,176.85346584
213200,-39.54323393,176.82989073
213300,-39.48081517,176.91538913
213400,-39.48954321,176.90207674
213500,-39.51290647,176.86337195
213600,-39.5079037,176.87242528
213700,-39.5289489,176.84963144
213800,-39.51596053,176.86916874
213900,-39.49919694,176.89599413
214000,-39.52255684,176.86157809
214100,-39.50598803,176.88890769
214200,-39.51328394,176.87873144
214400,-39.5259049,176.86737772
214500,-39.49765371,176.90801557
214600,-39.53439372,176.85652109
214700,-39.51832585,176.88243344
214800,-39.50931627,176.89566416
214900,-39.54400792,176.85143036
215000,-39.50747604,176.90676197
215100,-39.51636261,176.89173053
215200,-39.5083024,176.9160949
215300,-39.51577224,176.90367746
215400,-39.54411569,176.89304136
215500,-39.80378374,176.41709256
215600,-39.94160872,176.31273142
215700,-39.93975904,176.5913431
215800,-39.99738364,176.54048302
215900,-39.99003717,176.76264858
216000,-40.00231546,176.56027065
216100,-40.20716661,176.53337716
216300,-39.07096507,174.02427884
216400,-39.09431592,174.01853893
216500,-39.11694914,173.95066015
216600,-39.06270468,174.04833643
216700,-39.19318761,173.94218883
216800,-39.07074008,174.04322204
216900,-39.06419765,174.06571362
217000,-39.05700192,174.07537454
217100,-39.07502389,174.04711191
217200,-39.08580042,174.03707356
217300,-39.05369313,174.09475657
217400,-39.0747742,174.06011109
217500,-39.02995252,174.13758616
217600,-39.0162041,174.17002393
217800,-39.07209853,174.0782174
217900,-39.09534718,174.05059554
218000,-39.08421237,174.07012898
218100,-39.06454623,174.10205958
218200,-39.08975124,174.05803756
218300,-39.08571024,174.093116
218400,-39.07427128,174.12360445
218500,-38.9975014,174.2265459
218600,-39.09023955,174.08332265
218700,-39.08069461,174.10443117
218800,-39.05356228,174.16214176
218900,-38.99532406,174.24390005
219000,-39.03478152,174.21868922
219100,-39.18102935,174.06017628
219200,-38.92321069,174.62433902
219300,-39.13469225,174.16388593
219400,-39.04099797,174.34313238
219500,-39.22793305,174.18116727
219600,-39.15653753,174.20152057
219700,-39.1604937,174.39053007
219800,-39.34019567,174.18536541
219900,-39.24071688,174.62972523
220000,-39.31711879,174.34830199
220100,-39.32802895,174.28261319
220300,-39.3375964,174.28910646
220400,-39.34903873,174.28515816
220500,-39.31360193,173.8715951
220600,-39.44771938,173.97542033
220700,-39.45132365,173.85878435
220800,-39.43452513,174.22980453
220900,-39.51778061,174.12379578
221000,-39.4310866,174.29903566
221100,-39.5375084,174.217588
221200,-39.43904821,174.49347034
221300,-39.57617162,174.26308228
221400,-39.58187479,174.31137817
221500,-39.53843359,174.44896319
221600,-39.57067046,174.2791488
221700,-39.58215942,174.27683195
221800,-39.60612482,174.27478512
221900,-39.59042249,174.28314512
222000,-39.61067493,174.74556695
222100,-39.78384701,174.57529167
222200,-39.75417884,174.4704212
222300,-38.86696248,175.00298022
222400,-38.85395468,175.37813224
222500,-38.86254762,175.24467641
222600,-38.88792031,175.26436605
222700,-38.88852154,175.31379572
222800,-39.11630156,175.37193356
222900,-39.36236325,175.16766499
223000,-39.42926305,175.27603962
223100,-39.41156448,175.41465037
223200,-39.46984453,175.67763799
223300,-39.70091534,175.16952733
223400,-39.84344675,174.90288293
223500,-39.87675408,175.02918802
223600,-39.92973815,174.97717523
223700,-39.90577525,175.02190613
223800,-39.9365306,174.99269163
224000,-39.90451924,175.05309598
224100,-39.91309776,175.03958323
224200,-39.92023434,175.030642
224300,-39.93592026,175.00997642
224400,-39.92948142,175.01753635
224500,-39.92557706,175.02322505
224600,-39.89595181,175.06983054
224800,-39.91964278,175.04579452
224900,-39.90764024,175.06400242
225000,-39.9305007,175.03470499
225100,-39.91385177,175.06149866
225200,-39.94273365,175.01822847
225300,-39.93848551,175.02900874
225400,-39.92629435,175.05079129
225500,-39.92181181,175.06127975
225600,-39.94185467,175.15622153
225700,-39.93513676,175.04701799
225800,-39.94790734,175.03400175
225900,-39.93438728,175.06596965
226000,-39.95056973,175.04998521
226100,-39.59566818,175.89442958
226300,-40.0113956,175.25773896
226400,-39.8895865,175.52547495
226500,-39.67806733,175.79677339
226600,-40.10983805,175.37739628
226700,-40.06299097,175.37098077
226800,-40.17938557,175.28477582
226900,-40.08428893,175.38541594
227000,-40.17938877,175.3825101
227100,-40.00817686,175.69603871
227200,-40.12383342,175.549708
227300,-40.21459412,175.39491461
227400,-40.32828797,175.2906718
227500,-40.24996829,175.47223109
227600,-40.07201708,175.91250803
227700,-40.20143326,175.55504652
227800,-40.35854632,175.39433243
227900,-40.20622477,175.56555066
228000,-40.22623004,175.54609153
228100,-40.2074565,175.58214784
228200,-40.22282513,175.55901821
228300,-40.21815279,175.57020381
228400,-40.23865803,175.58114321
228500,-40.22630659,175.57801558
228600,-40.37673467,175.4759989
228700,-40.23630115,175.69344838
228800,-40.33398879,175.57992885
229000,-40.32708272,175.60731249
229100,-40.3451422,175.58518807
229200,-40.33969042,175.59865691
229300,-40.33443818,175.60505225
229400,-40.31079696,175.69110134
229500,-40.35570204,175.57802859
229600,-40.34988583,175.59869127
229800,-40.34174356,175.61482217
229900,-40.3613441,175.58624604
230000,-40.36636017,175.57679046
230100,-40.35685753,175.59360268
230200,-40.33547398,175.62895929
230300,-40.32856085,175.64441186
230400,-40.32242994,175.6605118
230500,-40.34721244,175.61892073
230600,-40.35537702,175.61010962
230700,-40.37027268,175.58870846
230800,-40.34168056,175.63362604
230900,-40.38387287,175.57910311
231000,-40.35209317,175.62547171
231100,-40.33074153,175.66259312
231200,-40.36797536,175.60339294
231300,-40.37784493,175.59343472
231400,-40.35969543,175.61983251
231500,-40.34920538,175.64194858
231600,-40.36732356,175.61429075
231700,-40.36171123,175.62589337
231800,-40.35738577,175.63633044
232000,-40.37008236,175.63164612
232100,-40.40509247,175.58721079
232200,-40.29115251,175.75860165
232300,-40.36620394,175.64166717
232400,-40.36929816,175.65623441
232500,-40.45284951,175.60466791
232600,-40.3679274,175.71806409
232700,-40.3900382,175.64544144
232800,-40.11138214,176.15105007
232900,-40.2208018,175.99586663
233000,-40.39758846,175.82546085
233100,-40.33673831,175.86635223
233200,-40.19710678,176.10242336
233300,-40.21019552,176.10213546
233400,-40.30073659,176.21621287
233500,-40.47250224,175.97682513
233600,-40.45465931,175.83721683
233700,-40.65364269,175.79396455
233800,-40.51321329,176.31039241
234000,-40.52713273,175.31641185
234100,-40.46403695,175.23078759
234200,-40.47062245,175.29513751
234300,-40.48423901,175.31104993
234400,-40.57378541,175.25710024
234500,-40.65346254,175.18854367
234600,-40.53552154,175.48107991
234700,-40.61416466,175.27041448
234800,-40.69886257,175.20752463
234900,-40.61507877,175.28391389
235000,-40.62400084,175.27456646
235100,-40.61371427,175.30050027
235200,-40.6233097,175.2848475
235300,-40.64205371,175.30927003
235400,-40.54988606,175.41331329
235500,-40.62073993,175.29658523
235600,-40.62888671,175.29037198
235700,-40.6214039,175.30936396
235800,-40.63650667,175.2892378
235900,-40.63216009,175.29899841
236000,-40.65174754,175.40147681
236300,-40.75542681,175.11598727
236400,-40.74369534,175.16963257
236500,-40.75304139,175.13966802
236600,-40.79710947,175.10587813
236700,-40.75979827,175.1672598
236800,-40.86463333,175.02708132
236900,-40.83731455,175.07479791
237000,-40.88107643,174.99882094
237100,-40.89195563,174.98473058
237200,-40.86251456,175.04924738
237300,-40.89483919,174.99338163
237400,-40.88290094,175.02785593
237500,-40.8945728,175.01141009
237600,-40.86597934,175.06643407
237700,-40.82379781,175.18692762
237800,-40.90799495,174.99886348
237900,-40.93688543,175.04763194
238000,-40.91582202,174.98216422
238100,-40.86699218,175.07883134
238300,-40.92186239,174.99270893
238400,-40.91934665,175.01186633
238500,-40.94126612,174.98329156
238600,-40.97186832,174.96895136
238800,-41.04419545,174.87349264
239000,-41.06768493,174.86039572
239100,-41.0986598,174.84388615
239200,-41.11339531,174.82698818
239300,-41.13204408,174.80949296
239400,-41.09485489,174.94674014
239500,-41.10398798,174.85284499
239600,-41.08897126,174.87453415
239800,-41.09886842,174.8670634
240000,-41.11593264,174.86350564
240100,-41.1282577,174.85723027
240200,-41.11331454,174.88235004
240300,-41.12000324,174.87336814
240400,-41.11717134,174.89107268
240500,-41.14311394,174.85567585
240600,-41.11459136,174.90415779
240700,-41.13969216,174.86263001
240800,-41.12984631,174.87999879
240900,-41.15160958,174.85007214
241000,-41.13722514,174.87140063
241100,-41.14999717,174.87143178
241200,-41.01655002,175.13338376
241300,-41.11205217,175.03826653
241400,-41.13877359,175.01905143
241500,-41.08596013,175.1131529
241600,-41.12290419,175.04604601
241700,-41.12890914,175.03679072
241800,-41.15226988,175.00981756
241900,-41.1201997,175.05787956
242000,-41.1328255,175.04564394
242100,-41.1093256,175.08443163
242200,-41.14890544,175.04082561
242300,-41.1566926,175.11790375
242400,-41.11875719,175.07244049
242500,-41.12888528,175.06086829
242600,-41.10626518,175.10879212
242700,-41.08870706,175.14335145
242800,-41.16844867,175.01768274
242900,-41.11739699,175.08712646
243000,-41.12711172,175.0762649
243200,-41.20840978,174.87990307
243300,-41.21562751,174.86781402
243400,-41.17271184,174.94294237
243500,-41.20345009,174.89320848
243600,-41.1900686,174.92123901
243700,-41.22362356,174.86969444
243800,-41.19825451,174.90584966
244000,-41.21402786,174.89365185
244100,-41.17126316,174.96462745
244200,-41.19937004,174.92439872
244300,-41.20872236,174.90664869
244400,-41.19088299,174.94107219
244500,-41.16891621,174.97736126
244600,-41.18492338,174.95918534
244700,-41.2248184,174.89062655
244800,-41.21349159,174.90936129
244900,-41.1669317,174.99312135
245000,-41.22967597,174.88725425
245100,-41.20573675,174.92732065
245200,-41.19581347,174.94455461
245300,-41.219921,174.90766865
245400,-41.19973943,174.94956607
245500,-41.21499593,174.92055257
245600,-41.20891382,174.93484484
245800,-41.22794428,174.90362008
245900,-41.1864706,174.97924526
246000,-41.22552582,174.91742982
246100,-41.21794009,174.92916885
246200,-41.19737756,174.96248511
246300,-41.18502912,174.98698353
246400,-41.20946486,174.95050323
246600,-41.23870795,174.94479641
246700,-41.28078028,174.90926531
246800,-41.27707617,175.02703281
246900,-41.25104641,174.93287708
247000,-41.2429916,174.95473935
247100,-41.26139998,174.94068073
247200,-41.30031562,174.8943222
247300,-41.2691306,174.95843259
247400,-41.2741023,174.94976407
247500,-41.25931237,174.71526254
247600,-41.16425548,174.82107209
247700,-41.15666441,174.83380144
247800,-41.18147753,174.81690066
247900,-41.17402334,174.82717262
248000,-41.17727395,174.83897037
248100,-41.19767254,174.81365567
248300,-41.21086631,174.8069531
248400,-41.22309862,174.79383525
248500,-41.20467061,174.82539903
248600,-41.21764248,174.80300624
248700,-41.21674369,174.81983715
248800,-41.24641459,174.77163121
248900,-41.22372125,174.80743127
249000,-41.23505672,174.79326105
249100,-41.25754511,174.76182629
249200,-41.23102176,174.80210834
249300,-41.2435098,174.78546517
249400,-41.28258876,174.72565725
249500,-41.22406312,174.82053599
249600,-41.2531632,174.77602584
249700,-41.23454859,174.82124819
249800,-41.21623239,174.83461826
249900,-41.27758715,174.74437222
250000,-41.24289834,174.79769751
250100,-41.26835527,174.76073653
250200,-41.25262817,174.78863328
250300,-41.26222883,174.77572711
250400,-41.28902351,174.73328551
250500,-41.24952131,174.80282147
250600,-41.28702587,174.747422
250700,-41.27624822,174.78772639
250800,-41.27908062,174.76019207
250900,-41.27246445,174.77422734
251000,-41.28249882,174.76874329
251100,-41.28798133,174.76045619
251200,-41.29574618,174.75986554
251300,-41.289084,174.7676253
251400,-41.2849345,174.77572593
251500,-41.30427883,174.75585667
251600,-41.29101921,174.77469531
251700,-41.2946931,174.77283972
251800,-41.29206034,174.78280365
251900,-41.30788268,174.76585404
252000,-41.30328333,174.77184245
252100,-41.29691524,174.78007236
252200,-41.31685108,174.75650937
252300,-41.29186473,174.79287237
252400,-41.30251481,174.77750144
252500,-41.29882878,174.78763827
252600,-41.29229126,174.80079878
252700,-41.33789607,174.76120032
252800,-41.31951669,174.76580188
252900,-41.30900081,174.78319441
253000,-41.31289315,174.77608237
253100,-41.30162529,174.79629811
253200,-41.31155628,174.79670032
253300,-41.3232653,174.77378029
253400,-41.30906949,174.79244614
253500,-41.297146,174.82454514
253600,-41.32048296,174.78439861
253700,-41.31694317,174.79267899
253800,-41.34095916,174.7690484
253900,-41.32428747,174.78913074
254000,-41.33666605,174.77592354
254100,-41.30598537,174.82326311
254200,-41.32095571,174.80136587
254300,-41.32710382,174.79417852
254400,-41.31292943,174.81763576
254500,-41.3341201,174.7826653
254600,-41.31756605,174.82576397
254700,-41.33776631,174.7873919
254800,-41.31890777,174.82187288
254900,-41.32072604,174.81420546
255100,-41.33164104,174.82054496
255200,-41.32569332,174.83335901
255300,-40.79823344,175.63791121
255400,-40.89511815,175.57935646
255500,-40.90223549,175.65959234
255600,-40.94117259,175.636236
255700,-40.9574562,175.63029837
255800,-40.93651284,175.6651881
255900,-40.95047108,175.66167048
256000,-40.95167579,175.64326344
256100,-40.94626766,175.65254353
256200,-40.96910555,175.63403571
256300,-40.94138749,175.68119066
256400,-40.95711923,175.66136336
256500,-40.91901694,175.98994746
256600,-40.98154193,175.71227861
256700,-40.96017905,175.66745802
256800,-40.91709663,175.45136445
256900,-41.01943446,175.52683939
257000,-41.0381449,175.58145467
257100,-41.03427242,175.51425212
257200,-41.21809101,175.86448451
257300,-41.06390044,175.36907465
257400,-41.33273164,175.08046255
257500,-41.11610965,175.32429671
257700,-41.08242941,175.45428378
257800,-41.37490301,175.45793738
257900,-41.21981971,175.45862537
300300,-40.86935481,172.57195655
300500,-40.86055176,172.81878698
300600,-40.89750912,172.92321196
300700,-41.05045126,172.92413331
300800,-41.08454704,173.00471432
300900,-41.24935169,172.85150896
301000,-41.16044272,172.98050868
301100,-41.1058919,173.01318855
301200,-41.12544913,172.99560963
301300,-41.12000591,173.0192224
301500,-41.50890922,172.78826525
301600,-41.26413088,173.0336074
301800,-41.88459953,172.4650349
302100,-41.32976373,173.08124813
302200,-41.33424814,173.1374464
302300,-41.41061439,173.04424634
302400,-41.33020686,173.16950532
302500,-41.49668834,173.12155468
302600,-41.37680724,173.09986171
302700,-41.36688271,173.14308841
302800,-41.33750365,173.18938637
302900,-41.34508297,173.17589231
303000,-41.35692129,173.17156812
303100,-41.34753186,173.18668242
303200,-41.34152248,173.20418736
303300,-41.34673271,173.19836451
303400,-41.35339405,173.18085402
303500,-41.38639039,173.20891676
303600,-41.23837971,173.41272827
303800,-41.22889456,173.32217366
304100,-41.2844889,173.24112112
304200,-41.26846575,173.2703045
304300,-41.24786852,173.31976671
304400,-41.30725889,173.22687972
304500,-41.27521882,173.26654466
304600,-41.29106093,173.25332264
304700,-41.27273863,173.28210878
304800,-41.26709294,173.29239874
304900,-41.28540651,173.26170072
305000,-41.30432817,173.23648616
305100,-41.31388017,173.22157736
305200,-41.28580137,173.26988584
305300,-41.28072441,173.28230759
305400,-41.30875019,173.24301865
305500,-41.27666765,173.2982542
305600,-41.29660057,173.27351504
305800,-41.32485632,173.2209409
305900,-41.32459713,173.24438648
306000,-41.31495427,173.26437329
306100,-41.33817502,173.21258863
306200,-41.3006165,173.29144468
306300,-41.25619764,173.62635385
306500,-41.3212678,174.04011823
306600,-41.71793751,173.30406264
306700,-41.26901239,174.03367332
306800,-41.2943994,173.99961791
306900,-41.41852542,173.91114659
307000,-42.09611412,173.2944504
307100,-41.50813804,173.82591754
307200,-41.48548663,174.00600752
307300,-41.5308031,173.90363794
307400,-41.47495673,173.96410184
307500,-41.50422292,173.93617831
307600,-41.51419128,173.93427609
307700,-41.50254609,173.95223455
307800,-41.52198108,173.9421136
307900,-41.51522392,173.96254647
308000,-41.50646403,173.96708444
308100,-41.52059859,173.95891011
308200,-41.5299556,173.94858091
308300,-41.5400542,173.9453563
308400,-41.52801744,173.95981668
308600,-41.53819682,173.9585948
308800,-42.19710797,173.64408497
308900,-42.4127248,173.67667951
309000,-41.29229662,172.26451215
309200,-41.74413804,171.60899375
309300,-41.78172508,171.64675725
309400,-41.76073382,171.60950019
309500,-41.7281935,171.86681611
309600,-41.92259823,171.5843637
309700,-42.17196452,171.99565878
309800,-42.11509177,171.86010893
309900,-42.31021412,171.43339948
310000,-42.39680002,171.25096679
310100,-42.43633349,171.2084546
310200,-42.44740905,171.19758926
310300,-42.45704831,171.19924986
310400,-42.45663632,171.21056711
310500,-42.4696684,171.20484572
310600,-42.48259655,171.19595853
310700,-42.52592165,171.16476131
310800,-42.55654451,171.28646793
310900,-42.48840424,171.41007694
311000,-42.43145547,171.68813975
311100,-42.66149957,171.69470271
311300,-43.61327906,169.84261384
311400,-42.6790058,171.13822806
311500,-42.71867868,170.97186323
311700,-42.78693668,170.96082934
311800,-43.09058185,170.78199705
311900,-43.25841799,170.43905254
312000,-42.87811794,171.30442912
312200,-42.64453066,172.95870738
312300,-42.5230022,172.82303493
312400,-42.93387941,172.54733326
312500,-42.79494631,173.22267123
312600,-43.12462587,172.56403398
312700,-42.98563474,172.94683521
312800,-43.13161687,172.78405755
312900,-43.15508463,172.73121686
313000,-43.12763768,172.24230998
313100,-43.284114,172.07365277
313200,-43.2987357,172.18309394
313300,-43.29262485,172.36275322
313400,-43.23066472,172.51680596
313500,-43.39853546,172.28813683
313600,-43.3561292,172.43471785
313700,-43.24549574,172.65358254
313800,-43.32395864,172.5645026
313900,-43.29751332,172.56938186
314000,-43.29311511,172.58645499
314100,-43.30164492,172.5814134
314200,-43.29742452,172.60089954
314300,-43.30960469,172.57660327
314500,-43.3119255,172.5854551
314600,-43.31092043,172.59368431
314700,-43.29270375,172.66440938
314800,-43.36686582,172.54447057
314900,-43.30889905,172.61033583
315000,-43.32718073,172.59765801
315100,-43.41513779,172.51062005
315200,-43.3357899,172.6359632
315300,-43.32176017,172.66587597
315400,-43.31136296,172.6965139
315500,-43.39545445,172.60785081
315600,-43.35501518,172.69010397
315700,-43.37053744,172.65771293
315800,-43.37879521,172.63724758
315900,-43.36711702,172.66837672
316000,-43.38223807,172.64425626
316100,-43.38654697,172.65446965
316200,-43.39182324,172.64664871
316500,-43.52734771,172.46226351
316600,-43.51680117,172.51440607
316800,-43.45442864,172.59833432
316900,-43.44568253,172.62309123
317000,-43.47757938,172.5726116
317100,-43.39599786,172.68638006
317200,-43.43834815,172.68103716
317300,-43.44840955,172.63764405
317400,-43.45866323,172.61415345
317500,-43.49336565,172.55854726
317600,-43.47061675,172.60263602
317700,-43.50441948,172.55027421
317800,-43.48356448,172.58765972
317900,-43.47930829,172.59864558
318000,-43.48933117,172.57900137
318100,-43.55260267,172.46962786
318200,-43.53364724,172.50821004
318300,-43.50169208,172.56281526
318400,-43.46980091,172.64502745
318500,-43.50653015,172.55730048
318600,-43.46919569,172.62469572
318700,-43.52505687,172.53013766
318800,-43.47845362,172.61331603
318900,-43.51339363,172.55038452
319000,-43.49422735,172.58605509
319200,-43.50309147,172.5759413
319300,-43.53393242,172.52261477
319400,-43.48926229,172.5969871
319500,-43.51559902,172.55870079
319600,-43.47970507,172.62290932
319700,-43.52219969,172.55203263
319800,-43.52902176,172.54286039
319900,-43.50194025,172.58969325
320100,-43.49681218,172.60013645
320200,-43.51329549,172.5691116
320300,-43.54456745,172.5156459
320500,-43.48988035,172.61871397
320600,-43.51329391,172.58360326
320700,-43.5243795,172.56260385
320800,-43.5066813,172.59635325
320900,-43.49804758,172.61506457
321000,-43.5324799,172.55741654
321100,-43.54829435,172.53309133
321200,-43.52336127,172.57826459
321300,-43.47713961,172.667796
321400,-43.50761954,172.60874654
321500,-43.5158088,172.59670819
321600,-43.46773853,172.6744824
321700,-43.49292661,172.63819328
321800,-43.52942223,172.576402
321900,-43.55272616,172.53849075
322000,-43.53514903,172.5690102
322100,-43.5022149,172.63050731
322200,-43.50650406,172.62267483
322300,-43.5449149,172.56350496
322400,-43.52473249,172.59447189
322500,-43.54869576,172.55275466
322600,-43.519344,172.6084094
322700,-43.53501129,172.58050185
322800,-43.55347306,172.54834148
322900,-43.56061939,172.54356224
323000,-43.51635206,172.61911331
323100,-43.50208583,172.64539115
323200,-43.52638334,172.60669389
323300,-43.53414393,172.59138797
323400,-43.49946804,172.65695807
323600,-43.55637675,172.55472853
323700,-43.47537667,172.69715881
323800,-43.5100332,172.63729113
323900,-43.51530568,172.62868317
324000,-43.48560388,172.68870014
324100,-43.55333199,172.56191278
324300,-43.56943685,172.5494709
324400,-43.53444076,172.60196831
324500,-43.57962401,172.54047012
324600,-43.49842561,172.66725305
324700,-43.55950031,172.56064383
324800,-43.5171441,172.63759046
325000,-43.55310995,172.58378183
325100,-43.48059253,172.70806659
325200,-43.53245227,172.61070266
325300,-43.51435173,172.64705847
325400,-43.56445434,172.56732388
325600,-43.49555459,172.68488895
325700,-43.52780609,172.6306519
325800,-43.52331085,172.64031708
325900,-43.51297088,172.65862627
326000,-43.48124273,172.71946258
326100,-43.54499206,172.61361904
326300,-43.57609972,172.56190899
326500,-43.51125813,172.67161006
326700,-43.56060632,172.59043228
326800,-43.52133921,172.65627083
326900,-43.55299393,172.6045523
327000,-43.5288128,172.64552854
327100,-43.53815861,172.64240289
327200,-43.49110354,172.71475402
327300,-43.57394904,172.5780119
327400,-43.5451456,172.62305787
327500,-43.50772731,172.69299144
327600,-43.55155974,172.62013861
327700,-43.56478385,172.60014316
327800,-43.52342743,172.6705672
327900,-43.52976222,172.6590257
328000,-43.58945552,172.56528263
328200,-43.5582285,172.61334307
328300,-43.50238558,172.71700742
328400,-43.51845163,172.68982292
328500,-43.52803092,172.67221803
328600,-43.51060358,172.70532318
328700,-43.5508551,172.63316794
328800,-43.5413884,172.6534567
328900,-43.53685957,172.66374679
329000,-43.59666832,172.5839002
329100,-43.55924724,172.62950338
329200,-43.56590241,172.61924876
329300,-43.52959968,172.68287429
329400,-43.55054464,172.64356518
329500,-43.5718849,172.6115739
329600,-43.5431686,172.65983408
329700,-43.55482073,172.64130395
329800,-43.51992407,172.70528668
329900,-43.55056762,172.65328212
330000,-43.58478365,172.60947081
330100,-43.54092011,172.67524201
330200,-43.51368514,172.72951195
330300,-43.57398844,172.62274596
330400,-43.53669331,172.68367216
330500,-43.54795758,172.66831604
330600,-43.56340204,172.64282459
330800,-43.5572164,172.6539556
330900,-43.55608227,172.66204386
331000,-43.55161834,172.67606106
331100,-43.54874136,172.68689845
331200,-43.56900535,172.6509299
331300,-43.57800586,172.64062139
331400,-43.56038209,172.67013928
331500,-43.56123026,172.68421207
331700,-43.53129617,172.73917693
331800,-43.56010436,172.70020341
331900,-43.57763059,172.71241055
332000,-43.56433719,172.71890228
332100,-43.56567241,172.73175646
332200,-43.6325423,172.63975372
332400,-43.57187078,172.74783696
332500,-43.6070273,172.70649172
332700,-43.57493364,172.7635625
332900,-43.63070411,172.73508181
333100,-43.78081842,172.72633833
333200,-43.67581961,172.93129665
333300,-43.84175281,172.95321591
333700,-43.34568833,171.90320308
333800,-43.48288665,171.78713574
333900,-43.47318088,172.01364558
334000,-43.49796117,172.09991696
334100,-43.47484385,172.19966515
334200,-43.65857485,172.03741575
334300,-43.56459027,172.15086518
334400,-43.49237114,172.35028822
334500,-43.56941172,172.31944743
334600,-43.52569623,172.36518722
334700,-43.61513889,172.30295866
334900,-43.60086348,172.3634067
335000,-43.65558055,172.37556591
335100,-43.60049642,172.37569815
335200,-43.59059543,172.39602587
335300,-43.6149097,172.37458523
335400,-43.79254412,172.21023844
335500,-43.61058176,172.40183653
335600,-43.59541921,172.46487554
335700,-43.57865333,172.50783629
335800,-43.72598112,172.33815647
335900,-43.63935048,172.52476378
336000,-43.64345571,172.47791199
336100,-43.638533,172.49369169
336200,-43.7602356,172.29661938
336300,-43.66624869,172.58448288
336400,-43.71908674,172.52693209
336700,-43.66455634,171.77355459
336800,-43.78492258,171.43181981
336900,-43.63301935,171.64267984
337000,-44.03656373,171.49741748
337100,-43.95897704,171.66500519
337200,-43.82506248,171.96646486
337300,-43.96318598,171.82829097
337400,-43.88205658,171.74512562
337500,-43.89054116,171.73232663
337600,-43.74700637,172.00903425
337700,-43.89179707,171.78945866
337800,-43.89118299,171.75756446
337900,-43.91264327,171.72370365
338100,-43.89854645,171.74431228
338200,-43.92478814,171.71822146
338300,-43.90293675,171.75799844
338400,-43.90025621,171.76581085
338500,-43.91158863,171.75646729
338700,-44.06044997,171.05797729
338800,-44.27189292,171.01446242
338900,-44.09410338,171.23854167
339000,-44.11035618,171.32575726
339100,-44.18539597,171.37833391
339200,-44.25662164,171.1360097
339300,-44.23697154,171.27660085
339400,-44.37278751,171.14676587
339500,-44.29433296,171.25526363
339600,-44.24725922,171.29783677
339700,-44.37306152,171.18538893
339800,-44.35333362,171.24781336
339900,-44.44015612,171.17525821
340000,-44.3836929,171.19636587
340100,-44.38744935,171.20852652
340200,-44.37956812,171.22462484
340300,-44.37704716,171.23534538
340400,-44.38615156,171.22318733
340500,-44.39352828,171.2178066
340600,-44.38365816,171.24203267
340700,-44.39596592,171.23045071
340800,-44.39548712,171.24169589
341000,-44.40623438,171.23201132
341100,-44.39838399,171.2514175
341300,-44.40469035,171.24632921
341400,-44.41174605,171.24726222
341500,-43.93299669,170.30583782
341800,-44.26855663,170.09376847
341900,-43.8561873,171.06857118
342000,-44.09701087,170.82535345
342100,-44.5949764,170.59314374
342200,-44.49962787,170.93976175
342300,-44.49021445,171.10964227
342400,-44.68813769,171.05113933
342500,-44.72202963,171.04779397
342600,-44.85372568,171.00103288
342700,-44.73240496,171.03832528
342800,-44.73770602,171.04734729
343100,-44.47471306,169.95056342
343300,-44.89434996,170.50210901
343400,-45.06213909,170.69741781
343500,-45.00239341,171.02035686
343600,-45.39244142,170.5515955
343700,-45.27731871,170.70534409
343800,-45.08908465,170.93071905
343900,-45.06404471,171.0000369
344000,-45.08058565,170.97765366
344100,-45.09820391,170.94539726
344200,-45.09087588,170.9672687
344300,-45.10681931,170.94732106
344500,-45.10579567,170.96138565
344700,-45.48147258,170.70954359
344800,-44.94314357,169.28090388
344900,-45.06411975,169.17047641
345000,-45.03747874,169.20617907
345100,-45.0524266,169.7255609
345200,-45.2810906,169.25086935
345300,-45.19905383,169.43943086
345400,-45.19247012,169.32445482
345500,-45.24363835,169.38984744
345600,-45.25210421,169.37578541
345700,-45.25282329,170.02086908
345800,-45.58227059,169.42667896
346000,-44.72734758,168.35593395
346200,-44.83712994,168.71544041
346400,-44.78255502,169.04972633
346600,-44.67399475,169.13083654
346700,-44.68004109,169.15232063
346800,-44.70336241,169.11527951
346900,-44.68367445,169.18201076
347000,-44.70519427,169.14994952
347100,-44.61387879,169.26678425
347200,-44.68728145,169.2943196
347300,-45.19619152,168.51305704
347400,-44.98924909,168.67326289
347500,-44.97140971,168.78382667
347700,-45.02264371,168.66173004
347800,-45.04130323,168.63106873
347900,-44.9457261,168.83841556
348000,-44.99478952,168.74876096
348100,-45.0327315,168.65460343
348200,-45.03289461,168.67249766
348300,-45.02699752,168.68939785
348400,-45.01825697,168.74585281
348600,-45.0390866,168.7232524
348700,-45.00679253,168.77572546
348800,-45.00228082,168.79374439
348900,-45.07182625,168.73715616
349000,-45.63286905,170.1227055
349100,-45.62493912,170.53249892
349200,-45.60312292,170.66725767
349300,-45.93568773,170.20271369
349400,-45.82713359,170.36633821
349600,-45.78374853,170.56970937
349700,-45.87310687,170.33831545
349800,-45.86646279,170.36435466
349900,-45.87866986,170.34786549
350000,-45.87666031,170.35643822
350100,-45.86700748,170.38627764
350200,-45.91291031,170.38272517
350300,-45.89103385,170.35188942
350400,-45.85706687,170.46654228
350500,-45.84936353,170.48340641
350600,-45.84321396,170.49960706
350700,-45.90161406,170.40079741
350900,-45.86689774,170.4616037
351000,-45.85838705,170.48621864
351100,-45.89815819,170.42263162
351200,-45.93395134,170.37425787
351300,-45.84825689,170.51388061
351400,-45.89632854,170.44876643
351500,-45.85777797,170.50064652
351600,-45.86711907,170.4917572
351700,-45.84682841,170.52968456
351800,-45.8281024,170.59128669
351900,-45.8417597,170.54490341
352000,-45.85238619,170.52237253
352100,-45.87481662,170.4813773
352200,-45.85877849,170.51916854
352300,-45.88684127,170.46858497
352400,-45.86290217,170.50786264
352500,-45.91984564,170.42553453
352600,-45.90709712,170.43736925
352700,-45.81220383,170.61799409
352800,-45.86668004,170.50466615
352900,-45.8757494,170.49272725
353000,-45.85517613,170.54194878
353100,-45.86491215,170.51950247
353300,-45.88564448,170.48404236
353400,-45.87712471,170.50291221
353500,-45.89194542,170.47568522
353600,-45.85250406,170.56534806
353800,-45.88464081,170.49318449
353900,-45.87156725,170.64610881
354000,-45.90471629,170.46034592
354100,-45.89931896,170.46859234
354200,-45.89677117,170.4820345
354400,-45.90324804,170.48071959
354500,-45.90830943,170.47222569
354600,-45.90099334,170.49030599
354700,-45.89889991,170.49998291
354800,-45.9148609,170.47562075
354900,-45.88463789,170.53350277
355000,-45.87172339,170.59414405
355100,-45.84455049,170.63829798
355200,-45.90481538,170.5028639
355300,-45.89733798,170.5181474
355400,-45.88811859,170.54296814
355500,-45.90351204,170.51329176
355600,-45.8982685,170.53683509
355700,-45.90348586,170.52778609
355800,-45.83535422,169.21290702
355900,-45.88283856,169.71507443
356000,-46.23295914,169.36302838
356100,-46.14666172,169.61562874
356200,-46.07247342,170.08655606
356300,-46.45964433,169.46517021
356400,-46.12167234,169.96750182
356500,-46.24449018,169.72255412
356600,-46.23245645,169.7529172
356800,-46.26457502,169.85724189
357300,-45.26618632,167.98136027
357500,-45.4135156,167.72303047
357600,-45.44172667,167.75405657
357700,-45.5465414,168.37465706
357900,-46.01707924,167.67301087
358000,-45.89093509,168.02614043
358100,-45.48645863,169.03162811
358200,-45.74921739,168.61002109
358300,-46.00268489,168.31789888
358400,-46.19250679,168.05347842
358500,-46.12903119,168.56584014
358600,-46.14486071,168.32382512
358700,-46.24535244,168.33027044
358800,-46.37009983,168.0125718
358900,-46.33578429,168.25553448
359000,-46.30068372,168.47812714
359100,-46.3334381,168.67007113
359400,-46.48269183,168.60409879
359500,-46.47283276,168.9919312
359600,-45.96604044,168.98043741
359700,-46.20791261,169.07308711
359800,-46.09161463,168.93868798
359900,-46.10626401,168.92356176
360000,-46.08957912,168.96136282
360200,-46.10427676,168.9374566
360300,-46.12386918,168.92050206
360400,-46.18742074,168.87330231
360500,-46.4816177,168.27903935
360600,-46.38023874,168.34165711
360700,-46.37529256,168.35657113
360800,-46.37140357,168.40415213
360900,-46.43520129,168.28791931
361000,-46.41489239,168.32850731
361100,-46.39213483,168.35330059
361200,-46.38971341,168.36796259
361300,-46.40074343,168.35272935
361400,-46.38994186,168.38013109
361500,-46.39716606,168.37568613
361600,-46.40719619,168.36918138
361700,-46.40175741,168.38809856
361900,-46.4103152,168.38551814
362000,-46.42135777,168.35635273
362100,-46.41932389,168.36900636
362200,-46.43342614,168.35379297
362300,-46.42133008,168.42196326
362400,-46.41755347,168.38907267
362500,-46.42792492,168.36839384
362600,-46.42502106,168.38702035
362700,-46.42992339,168.38223398
362800,-46.43454531,168.37684401
362900,-46.44101863,168.37099017
363000,-46.4506845,168.3651353
363100,-46.52117182,168.37470824
363300,-46.60724545,168.33224564
