area,socioeconomic_centile,super_area
100100,10.0,1
100200,9.0,1
100400,8.0,1
100500,9.0,1
100600,9.0,1
100700,10.0,1
100800,10.0,1
100900,8.0,1
101000,9.0,1
101100,8.0,1
101200,10.0,1
101300,10.0,1
101400,9.0,1
101500,9.0,1
101600,10.0,1
101700,10.0,1
101800,10.0,1
101900,10.0,1
102000,10.0,1
102100,10.0,1
102200,4.0,1
102300,8.0,1
102400,7.0,1
102500,5.0,1
102600,4.0,1
102700,10.0,1
102800,4.0,1
102900,10.0,1
103000,9.0,1
103100,4.0,1
103200,7.0,1
103300,5.0,1
103400,10.0,1
103500,10.0,1
103600,7.0,1
103700,7.0,1
103800,5.0,1
103900,9.0,1
104000,10.0,1
104100,10.0,1
104200,6.0,1
104300,6.0,1
104400,10.0,1
104500,10.0,1
104600,10.0,1
104700,9.0,1
104800,9.0,1
104900,9.0,1
105100,2.0,1
105200,10.0,1
105300,2.0,1
105400,3.0,1
105500,6.0,1
105600,4.0,1
105700,5.0,1
105800,9.0,1
105900,6.0,1
106000,8.0,1
106100,8.0,1
106200,10.0,1
106300,1.0,1
106400,10.0,1
106500,9.0,1
106600,8.0,1
106700,1.0,1
106800,9.0,1
106900,6.0,1
107000,9.0,1
107100,10.0,1
107200,6.0,1
107300,10.0,1
107400,10.0,1
107500,9.0,1
107600,6.0,1
107700,5.0,1
107800,5.0,1
108000,4.0,1
108100,6.0,1
108200,9.0,1
108300,9.0,1
108500,3.0,1
108600,6.0,1
108700,4.0,1
108800,9.0,1
108900,4.0,1
109100,9.0,1
109200,7.0,1
109300,9.0,1
109400,9.0,1
109500,7.0,1
109600,7.0,1
109700,8.0,1
109800,4.0,1
109900,5.0,1
110100,6.0,1
110200,6.0,2
110400,4.0,2
110500,8.0,2
110700,5.0,2
110800,5.0,2
110900,3.0,2
111100,4.0,2
111200,2.0,2
111300,5.0,2
111400,1.0,2
111500,2.0,2
111600,2.0,2
111700,5.0,2
111800,9.0,2
111900,3.0,2
112100,3.0,2
112200,8.0,2
112300,3.0,2
112400,6.0,2
112500,2.0,2
112600,1.0,2
112700,2.0,2
112800,3.0,2
112900,5.0,2
113000,6.0,2
113100,1.0,2
113200,4.0,2
113300,1.0,2
113400,4.0,2
113500,2.0,2
113600,2.0,2
113900,5.0,2
114000,3.0,2
114100,2.0,2
114200,1.0,2
114400,4.0,2
114500,2.0,2
114600,4.0,2
114700,4.0,2
114800,1.0,2
114900,3.0,2
115000,1.0,2
115100,5.0,2
115200,4.0,2
115300,2.0,2
115400,2.0,2
115500,1.0,2
115600,2.0,2
115700,2.0,2
115800,4.0,2
115900,1.0,2
116000,3.0,2
116100,4.0,2
116200,3.0,2
116300,2.0,2
116400,3.0,2
116500,1.0,2
116600,5.0,2
116700,3.0,2
116800,2.0,2
116900,4.0,2
117000,4.0,2
117100,2.0,2
117200,2.0,2
117300,7.0,2
117400,4.0,2
117500,3.0,2
117600,4.0,2
117700,3.0,2
117800,5.0,2
117900,2.0,2
118000,3.0,2
118100,3.0,2
118200,3.0,2
118300,4.0,2
118400,2.0,2
118500,4.0,2
118600,6.0,2
118700,3.0,2
118900,1.0,2
119000,2.0,2
119100,1.0,2
119200,3.0,2
119400,2.0,2
119500,2.0,2
119600,7.0,2
119700,4.0,2
119800,8.0,2
119900,2.0,2
120000,1.0,2
120100,4.0,2
120200,1.0,2
120300,2.0,2
120400,4.0,2
120500,3.0,2
120600,8.0,2
120700,2.0,2
120800,1.0,2
120900,7.0,2
121000,5.0,2
121100,2.0,2
121200,5.0,2
121300,5.0,2
121400,4.0,2
121500,5.0,2
121600,6.0,2
121700,6.0,2
121800,3.0,2
121900,6.0,2
122000,5.0,2
122100,4.0,2
122200,1.0,2
122300,8.0,2
122400,8.0,2
122500,9.0,2
122600,5.0,2
122700,5.0,2
122800,5.0,2
122900,8.0,2
123000,9.0,2
123100,6.0,2
123200,5.0,2
123300,5.0,2
123400,4.0,2
123600,4.0,2
123700,1.0,2
123800,9.0,2
123900,2.0,2
124000,5.0,2
124100,3.0,2
124200,8.0,2
124300,9.0,2
124400,4.0,2
124500,7.0,2
124600,7.0,2
124700,2.0,2
124800,6.0,2
124900,9.0,2
125000,7.0,2
125200,2.0,2
125300,3.0,2
125400,5.0,2
125500,5.0,2
125600,6.0,2
125700,8.0,2
125800,3.0,2
125900,2.0,2
126000,3.0,2
126100,3.0,2
126200,3.0,2
126300,2.0,2
126400,8.0,2
126500,4.0,2
126600,5.0,2
126700,8.0,2
126800,3.0,2
126900,4.0,2
127000,6.0,2
127100,10.0,2
127200,8.0,2
127300,3.0,2
127400,1.0,2
127500,10.0,2
127600,2.0,2
127700,7.0,2
127800,9.0,2
127900,8.0,2
128000,4.0,2
128100,3.0,2
128200,2.0,2
128300,9.0,2
128400,8.0,2
128500,7.0,2
128600,2.0,2
128800,2.0,2
128900,8.0,2
129000,9.0,2
129100,7.0,2
129200,3.0,2
129300,4.0,2
129400,4.0,2
129500,8.0,2
129600,8.0,2
129700,1.0,2
129800,2.0,2
129900,3.0,2
130000,2.0,2
130100,7.0,2
130200,3.0,2
130300,3.0,2
130400,4.0,2
130500,8.0,2
130600,8.0,2
130700,2.0,2
130800,8.0,2
130900,7.0,2
131000,9.0,2
131100,8.0,2
131200,3.0,2
131300,2.0,2
131400,1.0,2
131500,7.0,2
131600,3.0,2
131700,9.0,2
131800,4.0,2
131900,6.0,2
132000,7.0,2
132100,6.0,2
132200,6.0,2
132300,8.0,2
132400,6.0,2
132500,3.0,2
132600,8.0,2
132700,7.0,2
132800,3.0,2
132900,7.0,2
133000,2.0,2
133100,8.0,2
133200,7.0,2
133300,7.0,2
133400,9.0,2
133500,3.0,2
133600,4.0,2
133700,6.0,2
133800,8.0,2
133900,8.0,2
134000,1.0,2
134100,8.0,2
134200,4.0,2
134300,4.0,2
134400,5.0,2
134500,6.0,2
134600,1.0,2
134700,3.0,2
134900,8.0,2
135000,7.0,2
135100,9.0,2
135200,3.0,2
135300,9.0,2
135400,3.0,2
135500,9.0,2
135600,8.0,2
135700,7.0,2
135800,7.0,2
135900,8.0,2
136000,4.0,2
136100,5.0,2
136200,3.0,2
136300,4.0,2
136400,4.0,2
136500,7.0,2
136600,7.0,2
136700,1.0,2
136800,7.0,2
136900,4.0,2
137000,7.0,2
137100,9.0,2
137200,6.0,2
137300,5.0,2
137400,2.0,2
137500,2.0,2
137600,5.0,2
137700,8.0,2
137800,5.0,2
137900,10.0,2
138000,3.0,2
138100,4.0,2
138200,7.0,2
138300,7.0,2
138400,3.0,2
138500,5.0,2
138600,5.0,2
138700,5.0,2
138900,5.0,2
139000,3.0,2
139100,10.0,2
139200,3.0,2
139300,2.0,2
139400,2.0,2
139500,5.0,2
139600,6.0,2
139700,7.0,2
139800,6.0,2
139900,3.0,2
140000,1.0,2
140100,8.0,2
140200,5.0,2
140300,6.0,2
140400,8.0,2
140500,1.0,2
140600,10.0,2
140700,10.0,2
140800,4.0,2
140900,4.0,2
141000,3.0,2
141100,2.0,2
141200,3.0,2
141300,5.0,2
141500,3.0,2
141600,1.0,2
141700,2.0,2
141800,1.0,2
141900,3.0,2
142000,6.0,2
142100,5.0,2
142200,4.0,2
142300,10.0,2
142400,1.0,2
142500,3.0,2
142600,4.0,2
142700,1.0,2
142800,5.0,2
142900,5.0,2
143000,1.0,2
143100,3.0,2
143200,2.0,2
143300,4.0,2
143400,6.0,2
143500,2.0,2
143600,2.0,2
143700,2.0,2
143800,5.0,2
143900,3.0,2
144000,1.0,2
144100,4.0,2
144300,6.0,2
144400,3.0,2
144500,6.0,2
144600,4.0,2
144700,10.0,2
144800,3.0,2
144900,1.0,2
145000,8.0,2
145100,4.0,2
145200,10.0,2
145300,5.0,2
145400,8.0,2
145500,8.0,2
145600,8.0,2
145700,1.0,2
145800,10.0,2
145900,8.0,2
146000,5.0,2
146100,5.0,2
146200,7.0,2
146300,10.0,2
146400,3.0,2
146500,8.0,2
146600,6.0,2
146700,8.0,2
146800,7.0,2
146900,5.0,2
147000,10.0,2
147100,8.0,2
147200,7.0,2
147500,8.0,2
147600,5.0,2
147800,2.0,2
148000,3.0,2
148100,3.0,2
148200,10.0,2
148300,4.0,2
148400,2.0,2
148500,10.0,2
148600,10.0,2
148700,5.0,2
148800,4.0,2
148900,10.0,2
149000,7.0,2
149100,8.0,2
149200,5.0,2
149300,6.0,2
149400,9.0,2
149500,10.0,2
149700,5.0,2
149800,6.0,2
149900,6.0,2
150000,10.0,2
150100,10.0,2
150200,10.0,2
150300,10.0,2
150400,4.0,2
150500,6.0,2
150600,2.0,2
150700,6.0,2
150800,10.0,2
150900,10.0,2
151000,10.0,2
151100,5.0,2
151200,10.0,2
151300,5.0,2
151400,10.0,2
151500,6.0,2
151600,10.0,2
151700,5.0,2
151800,10.0,2
151900,10.0,2
152000,4.0,2
152100,9.0,2
152200,3.0,2
152400,4.0,2
152500,4.0,2
152600,10.0,2
152800,9.0,2
152900,3.0,2
153000,10.0,2
153100,3.0,2
153200,10.0,2
153300,8.0,2
153400,1.0,2
153500,10.0,2
153600,9.0,2
153700,3.0,2
153800,2.0,2
153900,2.0,2
154000,8.0,2
154100,7.0,2
154200,9.0,2
154300,1.0,2
154400,10.0,2
154500,5.0,2
154700,2.0,2
154800,9.0,2
154900,8.0,2
155000,2.0,2
155100,10.0,2
155200,4.0,2
155300,2.0,2
155400,4.0,2
155500,9.0,2
155600,9.0,2
155700,10.0,2
155800,10.0,2
155900,9.0,2
156100,3.0,2
156200,8.0,2
156300,2.0,2
156400,1.0,2
156500,7.0,2
156600,2.0,2
156700,9.0,2
156800,10.0,2
156900,3.0,2
157000,9.0,2
157100,1.0,2
157200,10.0,2
157300,2.0,2
157400,1.0,2
157500,9.0,2
157600,10.0,2
157700,10.0,2
157800,3.0,2
157900,9.0,2
158000,7.0,2
158100,2.0,2
158200,2.0,2
158300,6.0,2
158400,10.0,2
158500,6.0,2
158600,5.0,2
158700,10.0,2
158800,10.0,2
158900,1.0,2
159000,5.0,2
159100,9.0,2
159200,10.0,2
159300,2.0,2
159400,3.0,2
159500,10.0,2
159600,6.0,2
159700,10.0,2
159800,2.0,2
159900,10.0,2
160000,10.0,2
160100,9.0,2
160200,9.0,2
160300,7.0,2
160400,5.0,2
160500,10.0,2
160600,10.0,2
160700,9.0,2
160800,10.0,2
160900,10.0,2
161000,8.0,2
161100,3.0,2
161200,10.0,2
161300,10.0,2
161400,3.0,2
161500,4.0,2
161600,10.0,2
161800,1.0,2
161900,10.0,2
162000,10.0,2
162100,4.0,2
162200,4.0,2
162300,5.0,2
162400,4.0,2
162500,1.0,2
162600,8.0,2
162700,5.0,2
162800,8.0,2
162900,1.0,2
163000,9.0,2
163100,4.0,2
163200,9.0,2
163300,9.0,2
163400,1.0,2
163500,10.0,2
163600,10.0,2
163700,9.0,2
163900,9.0,2
164000,6.0,2
164200,10.0,2
164300,6.0,2
164400,6.0,2
164500,8.0,2
164600,3.0,2
164700,6.0,2
164800,7.0,2
164900,1.0,2
165000,5.0,2
165100,3.0,2
165200,1.0,2
165300,9.0,2
165400,1.0,2
165500,9.0,2
165600,2.0,2
165700,6.0,2
165800,5.0,2
165900,4.0,2
166100,5.0,2
166200,4.0,2
166300,2.0,2
166400,1.0,2
166500,9.0,3
166700,8.0,3
166900,5.0,3
167000,4.0,3
167100,7.0,3
167200,7.0,3
167300,2.0,3
167400,4.0,3
167500,4.0,3
167600,8.0,3
167700,10.0,3
167800,9.0,3
168000,3.0,3
168100,5.0,3
168200,2.0,3
168300,6.0,3
168400,6.0,3
168500,6.0,3
168600,7.0,3
168700,7.0,3
168800,6.0,3
168900,6.0,3
169000,9.0,3
169100,7.0,3
169200,9.0,3
169300,6.0,3
169400,9.0,3
169500,9.0,3
169600,9.0,3
169700,3.0,3
169800,5.0,3
169900,3.0,3
170000,7.0,3
170100,5.0,3
170200,3.0,3
170300,9.0,3
170400,10.0,3
170500,2.0,3
170600,4.0,3
170700,9.0,3
170900,6.0,3
171100,7.0,3
171200,7.0,3
171300,6.0,3
171400,10.0,3
171500,10.0,3
171600,7.0,3
171700,5.0,3
171900,7.0,3
172000,10.0,3
172100,10.0,3
172200,8.0,3
172300,4.0,3
172400,2.0,3
172500,2.0,3
172600,5.0,3
172700,1.0,3
172800,3.0,3
172900,1.0,3
173000,3.0,3
173100,2.0,3
173200,1.0,3
173300,4.0,3
173400,1.0,3
173500,6.0,3
173600,7.0,3
173700,5.0,3
173800,6.0,3
173900,5.0,3
174000,8.0,3
174100,9.0,3
174200,6.0,3
174300,7.0,3
174400,7.0,3
174500,7.0,3
174600,9.0,3
174700,5.0,3
174800,4.0,3
174900,7.0,3
175000,7.0,3
175100,6.0,3
175300,1.0,3
175400,2.0,3
175500,1.0,3
175600,4.0,3
175700,6.0,3
175800,3.0,3
175900,2.0,3
176000,4.0,3
176100,4.0,3
176200,3.0,3
176400,9.0,3
176500,5.0,3
176600,3.0,3
176700,2.0,3
176800,10.0,3
176900,1.0,3
177000,2.0,3
177100,7.0,3
177200,10.0,3
177300,10.0,3
177400,7.0,3
177500,5.0,3
177600,5.0,3
177700,4.0,3
177800,10.0,3
177900,7.0,3
178000,8.0,3
178100,6.0,3
178200,10.0,3
178300,8.0,3
178400,10.0,3
178500,8.0,3
178600,7.0,3
178700,10.0,3
178800,9.0,3
178900,9.0,3
179100,10.0,3
179200,6.0,3
179300,8.0,3
179400,8.0,3
179500,7.0,3
179600,7.0,3
179700,9.0,3
179800,8.0,3
179900,10.0,3
180000,9.0,3
180100,8.0,3
180200,7.0,3
180300,9.0,3
180400,9.0,3
180500,10.0,3
180600,7.0,3
180700,8.0,3
180800,8.0,3
180900,8.0,3
181000,5.0,3
181100,5.0,3
181200,5.0,3
181400,3.0,3
181500,2.0,3
181600,2.0,3
181700,2.0,3
181800,2.0,3
181900,2.0,3
182000,3.0,3
182100,4.0,3
182200,1.0,3
182300,3.0,3
182500,1.0,3
182600,1.0,3
182700,4.0,3
182800,4.0,3
182900,2.0,3
183000,1.0,3
183100,3.0,3
183200,7.0,3
183300,6.0,3
183400,7.0,3
183500,5.0,3
183600,9.0,3
183700,3.0,3
183800,6.0,3
183900,4.0,3
184000,5.0,3
184200,8.0,3
184300,6.0,3
184400,8.0,3
184500,2.0,3
184600,4.0,3
184800,8.0,3
184900,2.0,3
185000,5.0,3
185200,10.0,3
185300,6.0,3
185400,6.0,3
185500,9.0,3
185600,6.0,3
185700,6.0,3
185800,6.0,3
185900,6.0,3
186000,9.0,3
186100,5.0,3
186200,9.0,3
186300,9.0,3
186400,10.0,3
186500,10.0,3
186600,10.0,3
186700,10.0,3
186800,9.0,3
187000,7.0,3
187100,7.0,3
187200,8.0,3
187300,10.0,3
187400,10.0,3
187500,8.0,3
187700,9.0,3
187800,4.0,3
187900,7.0,3
188000,1.0,3
188200,8.0,3
188300,1.0,3
188400,3.0,3
188500,5.0,3
188700,9.0,3
188800,9.0,3
188900,8.0,3
189000,4.0,3
189100,5.0,3
189200,3.0,3
189300,5.0,3
189400,2.0,3
189600,9.0,3
189700,10.0,3
190200,5.0,4
190300,4.0,4
190400,5.0,4
190500,4.0,4
190600,7.0,4
190900,2.0,4
191000,2.0,4
191100,3.0,4
191200,4.0,4
191300,2.0,4
191400,3.0,4
191600,4.0,4
191700,3.0,4
191800,3.0,4
191900,9.0,4
192000,7.0,4
192100,8.0,4
192300,9.0,4
192400,7.0,4
192500,6.0,4
192600,2.0,4
192800,5.0,4
192900,5.0,4
193000,3.0,4
193100,6.0,4
193200,5.0,4
193300,3.0,4
193400,7.0,4
193500,2.0,4
193600,7.0,4
193700,2.0,4
193800,7.0,4
193900,7.0,4
194000,8.0,4
194100,7.0,4
194200,1.0,4
194300,4.0,4
194400,9.0,4
194500,3.0,4
194600,9.0,4
194700,9.0,4
194800,7.0,4
194900,5.0,4
195000,9.0,4
195100,1.0,4
195200,8.0,4
195300,10.0,4
195400,4.0,4
195500,7.0,4
195600,1.0,4
195700,8.0,4
195800,8.0,4
195900,6.0,4
196000,7.0,4
196100,3.0,4
196200,3.0,4
196300,5.0,4
196400,2.0,4
196500,10.0,4
196600,7.0,4
196700,7.0,4
196800,3.0,4
196900,3.0,4
197000,7.0,4
197100,3.0,4
197200,7.0,4
197300,5.0,4
197400,6.0,4
197500,2.0,4
197600,3.0,4
197700,4.0,4
197900,8.0,4
198000,2.0,4
198100,8.0,4
198200,7.0,4
198400,7.0,4
198500,10.0,4
198600,10.0,4
198700,8.0,4
198800,7.0,4
198900,9.0,4
199000,10.0,4
199100,10.0,4
199200,5.0,4
199400,10.0,4
199500,10.0,4
199600,6.0,4
199700,10.0,4
199800,10.0,4
199900,8.0,4
200000,4.0,4
200200,9.0,4
200300,10.0,4
200400,2.0,4
200500,10.0,4
200600,2.0,4
200700,5.0,4
200800,5.0,4
200900,9.0,4
201000,9.0,4
201200,9.0,4
201300,7.0,4
201400,7.0,4
201500,2.0,4
201600,4.0,3
201700,7.0,4
201800,7.0,3
201900,5.0,4
202000,7.0,4
202100,5.0,4
202200,8.0,4
202300,6.0,4
202400,10.0,4
202500,5.0,4
202600,10.0,4
202700,9.0,4
202800,10.0,4
202900,9.0,4
203000,2.0,4
203100,10.0,4
203200,3.0,4
203400,10.0,4
203500,10.0,4
203600,10.0,4
203700,9.0,4
203900,10.0,4
204100,8.0,4
204200,10.0,4
204300,7.0,4
204400,10.0,4
204500,9.0,4
204700,10.0,5
204800,9.0,5
204900,10.0,5
205000,10.0,5
205100,6.0,5
205200,9.0,5
205300,8.0,5
205400,3.0,5
205500,3.0,5
205600,8.0,5
205700,7.0,5
205800,7.0,5
205900,9.0,5
206000,10.0,5
206100,10.0,5
206200,6.0,5
206300,10.0,5
206400,9.0,5
206500,10.0,5
206600,2.0,5
206700,6.0,5
206900,7.0,5
207000,10.0,5
207100,10.0,5
207200,10.0,5
207300,2.0,5
207400,10.0,6
207600,8.0,6
207700,9.0,6
207800,10.0,6
207900,10.0,6
208000,5.0,6
208100,2.0,6
208200,2.0,6
208300,2.0,6
208400,7.0,6
208500,8.0,6
208600,4.0,6
208700,4.0,6
208800,10.0,6
209000,10.0,6
209100,10.0,6
209200,10.0,6
209400,4.0,6
209500,10.0,6
209600,5.0,6
209700,8.0,6
209800,7.0,6
209900,9.0,6
210000,8.0,6
210200,5.0,6
210300,8.0,6
210400,6.0,6
210500,9.0,6
210600,7.0,6
210700,9.0,6
210800,9.0,6
210900,10.0,6
211000,8.0,6
211100,6.0,6
211200,1.0,6
211300,5.0,6
211400,9.0,6
211500,4.0,6
211700,1.0,6
211800,2.0,6
211900,1.0,6
212000,1.0,6
212100,1.0,6
212200,4.0,6
212300,2.0,6
212400,1.0,6
212500,1.0,6
212600,6.0,6
212800,7.0,6
212900,5.0,6
213000,1.0,6
213100,1.0,6
213200,4.0,6
213300,4.0,6
213400,3.0,6
213500,8.0,6
213600,9.0,6
213700,4.0,6
213800,8.0,6
213900,7.0,6
214000,4.0,6
214100,6.0,6
214200,7.0,6
214400,7.0,6
214500,8.0,6
214600,5.0,6
214700,7.0,6
214800,10.0,6
214900,6.0,6
215000,10.0,6
215100,10.0,6
215200,7.0,6
215300,10.0,6
215400,3.0,6
215500,5.0,6
215600,6.0,6
215700,7.0,6
215800,8.0,6
215900,5.0,6
216000,7.0,6
216100,5.0,6
216300,8.0,7
216400,2.0,7
216500,2.0,7
216600,7.0,7
216700,4.0,7
216800,8.0,7
216900,7.0,7
217000,8.0,7
217100,10.0,7
217200,3.0,7
217300,4.0,7
217400,8.0,7
217500,6.0,7
217600,4.0,7
217800,7.0,7
217900,4.0,7
218000,5.0,7
218100,7.0,7
218200,1.0,7
218300,7.0,7
218400,5.0,7
218500,10.0,7
218600,5.0,7
218700,1.0,7
218800,1.0,7
218900,9.0,7
219000,4.0,7
219100,2.0,7
219200,7.0,7
219300,2.0,7
219400,4.0,7
219500,4.0,7
219600,6.0,7
219700,6.0,7
219800,5.0,7
219900,7.0,7
220000,5.0,7
220100,7.0,7
220300,8.0,7
220400,9.0,7
220500,8.0,7
220600,6.0,7
220700,9.0,7
220800,8.0,7
220900,9.0,7
221000,9.0,7
221100,6.0,7
221200,5.0,7
221300,4.0,7
221400,6.0,7
221500,5.0,7
221600,7.0,7
221700,9.0,7
221800,8.0,7
221900,9.0,7
222000,6.0,7
222100,9.0,7
222200,10.0,7
222300,8.0,8
222400,8.0,8
222500,9.0,8
222600,10.0,8
222700,10.0,8
222800,6.0,8
222900,6.0,8
223000,10.0,8
223100,8.0,8
223200,7.0,8
223300,9.0,8
223400,3.0,8
223500,3.0,8
223600,10.0,8
223700,2.0,8
223800,10.0,8
224000,10.0,8
224100,5.0,8
224200,5.0,8
224300,10.0,8
224400,6.0,8
224500,6.0,8
224600,9.0,8
224800,10.0,8
224900,10.0,8
225000,7.0,8
225100,9.0,8
225200,10.0,8
225300,9.0,8
225400,10.0,8
225500,9.0,8
225600,6.0,8
225700,9.0,8
225800,8.0,8
225900,5.0,8
226000,5.0,8
226100,5.0,8
226300,8.0,8
226400,7.0,8
226500,8.0,8
226600,5.0,8
226700,8.0,8
226800,6.0,8
226900,9.0,8
227000,7.0,8
227100,6.0,8
227200,3.0,8
227300,6.0,8
227400,8.0,8
227500,5.0,8
227600,3.0,8
227700,1.0,8
227800,4.0,8
227900,7.0,8
228000,3.0,8
228100,6.0,8
228200,7.0,8
228300,8.0,8
228400,9.0,8
228500,6.0,8
228600,3.0,8
228700,1.0,8
228800,5.0,8
229000,4.0,8
229100,6.0,8
229200,10.0,8
229300,7.0,8
229400,2.0,8
229500,9.0,8
229600,8.0,8
229800,6.0,8
229900,10.0,8
230000,8.0,8
230100,7.0,8
230200,9.0,8
230300,7.0,8
230400,1.0,8
230500,9.0,8
230600,10.0,8
230700,9.0,8
230800,9.0,8
230900,2.0,8
231000,8.0,8
231100,1.0,8
231200,9.0,8
231300,4.0,8
231400,8.0,8
231500,6.0,8
231600,7.0,8
231700,3.0,8
231800,3.0,8
232000,2.0,8
232100,5.0,8
232200,4.0,8
232300,7.0,8
232400,1.0,8
232500,1.0,8
232600,1.0,8
232700,1.0,8
232800,6.0,8
232900,4.0,8
233000,6.0,8
233100,9.0,8
233200,8.0,8
233300,10.0,8
233400,4.0,8
233500,6.0,8
233600,9.0,8
233700,8.0,8
233800,6.0,8
234000,6.0,8
234100,7.0,8
234200,9.0,8
234300,10.0,8
234400,6.0,8
234500,7.0,8
234600,5.0,8
234700,9.0,8
234800,5.0,8
234900,8.0,8
235000,10.0,8
235100,5.0,8
235200,10.0,8
235300,9.0,8
235400,10.0,8
235500,9.0,8
235600,10.0,8
235700,7.0,8
235800,10.0,8
235900,9.0,8
236000,4.0,8
236300,9.0,9
236400,3.0,9
236500,9.0,9
236600,3.0,9
236700,7.0,9
236800,4.0,9
236900,1.0,9
237000,5.0,9
237100,6.0,9
237200,3.0,9
237300,4.0,9
237400,2.0,9
237500,3.0,9
237600,4.0,9
237700,3.0,9
237800,7.0,9
237900,1.0,9
238000,3.0,9
238100,2.0,9
238300,6.0,9
238400,7.0,9
238500,3.0,9
238600,4.0,9
238800,2.0,9
239000,2.0,9
239100,8.0,9
239200,9.0,9
239300,9.0,9
239400,1.0,9
239500,5.0,9
239600,1.0,9
239800,2.0,9
240000,1.0,9
240100,1.0,9
240200,2.0,9
240300,9.0,9
240400,1.0,9
240500,10.0,9
240600,1.0,9
240700,10.0,9
240800,10.0,9
240900,5.0,9
241000,10.0,9
241100,10.0,9
241200,2.0,9
241300,1.0,9
241400,4.0,9
241500,4.0,9
241600,6.0,9
241700,8.0,9
241800,2.0,9
241900,7.0,9
242000,7.0,9
242100,5.0,9
242200,7.0,9
242300,1.0,9
242400,7.0,9
242500,7.0,9
242600,7.0,9
242700,3.0,9
242800,1.0,9
242900,6.0,9
243000,4.0,9
243200,2.0,9
243300,2.0,9
243400,1.0,9
243500,1.0,9
243600,1.0,9
243700,5.0,9
243800,1.0,9
244000,5.0,9
244100,10.0,9
244200,4.0,9
244300,5.0,9
244400,6.0,9
244500,7.0,9
244600,10.0,9
244700,6.0,9
244800,2.0,9
244900,4.0,9
245000,6.0,9
245100,7.0,9
245200,9.0,9
245300,2.0,9
245400,10.0,9
245500,4.0,9
245600,7.0,9
245800,10.0,9
245900,10.0,9
246000,7.0,9
246100,4.0,9
246200,10.0,9
246300,2.0,9
246400,10.0,9
246600,8.0,9
246700,1.0,9
246800,3.0,9
246900,7.0,9
247000,8.0,9
247100,8.0,9
247200,1.0,9
247300,8.0,9
247400,8.0,9
247500,1.0,9
247600,5.0,9
247700,7.0,9
247800,1.0,9
247900,5.0,9
248000,2.0,9
248100,1.0,9
248300,1.0,9
248400,3.0,9
248500,1.0,9
248600,3.0,9
248700,4.0,9
248800,1.0,9
248900,7.0,9
249000,2.0,9
249100,1.0,9
249200,5.0,9
249300,1.0,9
249400,3.0,9
249500,4.0,9
249600,1.0,9
249700,3.0,9
249800,1.0,9
249900,1.0,9
250000,1.0,9
250100,4.0,9
250200,1.0,9
250300,1.0,9
250400,2.0,9
250500,2.0,9
250600,1.0,9
250700,2.0,9
250800,3.0,9
250900,4.0,9
251000,5.0,9
251100,4.0,9
251200,6.0,9
251300,6.0,9
251400,5.0,9
251500,2.0,9
251600,6.0,9
251700,6.0,9
251800,3.0,9
251900,3.0,9
252000,8.0,9
252100,4.0,9
252200,4.0,9
252300,2.0,9
252400,6.0,9
252500,4.0,9
252600,2.0,9
252700,3.0,9
252800,4.0,9
252900,6.0,9
253000,7.0,9
253100,2.0,9
253200,2.0,9
253300,8.0,9
253400,4.0,9
253500,6.0,9
253600,9.0,9
253700,7.0,9
253800,2.0,9
253900,2.0,9
254000,2.0,9
254100,6.0,9
254200,8.0,9
254300,5.0,9
254400,6.0,9
254500,3.0,9
254600,1.0,9
254700,3.0,9
254800,2.0,9
254900,5.0,9
255100,8.0,9
255200,1.0,9
255300,3.0,9
255400,2.0,9
255500,1.0,9
255600,7.0,9
255700,7.0,9
255800,6.0,9
255900,9.0,9
256000,7.0,9
256100,8.0,9
256200,7.0,9
256300,7.0,9
256400,8.0,9
256500,5.0,9
256600,2.0,9
256700,10.0,9
256800,2.0,9
256900,6.0,9
257000,3.0,9
257100,6.0,9
257200,2.0,9
257300,2.0,9
257400,4.0,9
257500,7.0,9
257700,3.0,9
257800,3.0,9
257900,5.0,9
300300,6.0,16
300500,6.0,16
300600,6.0,16
300700,5.0,16
300800,5.0,16
300900,5.0,16
301000,6.0,16
301100,7.0,16
301200,8.0,16
301300,6.0,16
301500,5.0,16
301600,2.0,16
301800,5.0,16
302100,3.0,16
302200,5.0,16
302300,2.0,16
302400,8.0,16
302500,3.0,16
302600,2.0,16
302700,3.0,16
302800,9.0,16
302900,6.0,16
303000,2.0,16
303100,3.0,16
303200,1.0,16
303300,5.0,16
303400,2.0,16
303500,1.0,16
303600,2.0,17
303800,3.0,17
304100,8.0,17
304200,5.0,17
304300,3.0,17
304400,6.0,17
304500,7.0,17
304600,3.0,17
304700,8.0,17
304800,7.0,17
304900,9.0,17
305000,6.0,17
305100,4.0,17
305200,9.0,17
305300,4.0,17
305400,6.0,17
305500,5.0,17
305600,8.0,17
305800,4.0,17
305900,7.0,17
306000,4.0,17
306100,1.0,17
306200,5.0,17
306300,6.0,18
306500,4.0,18
306600,2.0,18
306700,5.0,18
306800,8.0,18
306900,2.0,18
307000,4.0,18
307100,3.0,18
307200,1.0,18
307300,2.0,18
307400,5.0,18
307500,4.0,18
307600,6.0,18
307700,8.0,18
307800,6.0,18
307900,8.0,18
308000,8.0,18
308100,7.0,18
308200,7.0,18
308300,2.0,18
308400,6.0,18
308600,3.0,18
308800,4.0,13
308900,6.0,13
309000,9.0,12
309200,9.0,12
309300,5.0,12
309400,9.0,12
309500,10.0,12
309600,6.0,12
309700,8.0,12
309800,9.0,12
309900,8.0,12
310000,9.0,12
310100,10.0,12
310200,8.0,12
310300,7.0,12
310400,9.0,12
310500,6.0,12
310600,3.0,12
310700,2.0,12
310800,5.0,12
310900,8.0,12
311000,7.0,12
311100,5.0,12
311300,6.0,12
311400,5.0,12
311500,7.0,12
311700,3.0,12
311800,8.0,12
311900,8.0,12
312000,6.0,12
312200,4.0,13
312300,3.0,13
312400,5.0,13
312500,6.0,13
312600,2.0,13
312700,5.0,13
312800,4.0,13
312900,5.0,13
313000,1.0,13
313100,3.0,13
313200,6.0,13
313300,1.0,13
313400,2.0,13
313500,2.0,13
313600,1.0,13
313700,3.0,13
313800,1.0,13
313900,1.0,13
314000,2.0,13
314100,5.0,13
314200,8.0,13
314300,2.0,13
314500,4.0,13
314600,7.0,13
314700,4.0,13
314800,1.0,13
314900,3.0,13
315000,5.0,13
315100,1.0,13
315200,3.0,13
315300,3.0,13
315400,2.0,13
315500,1.0,13
315600,7.0,13
315700,7.0,13
315800,3.0,13
315900,2.0,13
316000,6.0,13
316100,7.0,13
316200,3.0,13
316500,8.0,13
316600,2.0,13
316800,1.0,13
316900,4.0,13
317000,1.0,13
317100,2.0,13
317200,6.0,13
317300,7.0,13
317400,1.0,13
317500,2.0,13
317600,1.0,13
317700,4.0,13
317800,4.0,13
317900,4.0,13
318000,6.0,13
318100,4.0,13
318200,7.0,13
318300,3.0,13
318400,4.0,13
318500,2.0,13
318600,3.0,13
318700,8.0,13
318800,9.0,13
318900,3.0,13
319000,5.0,13
319200,6.0,13
319300,7.0,13
319400,9.0,13
319500,4.0,13
319600,6.0,13
319700,4.0,13
319800,5.0,13
319900,7.0,13
320100,4.0,13
320200,5.0,13
320300,7.0,13
320500,6.0,13
320600,3.0,13
320700,5.0,13
320800,7.0,13
320900,3.0,13
321000,6.0,13
321100,7.0,13
321200,7.0,13
321300,1.0,13
321400,2.0,13
321500,1.0,13
321600,1.0,13
321700,5.0,13
321800,8.0,13
321900,5.0,13
322000,9.0,13
322100,2.0,13
322200,1.0,13
322300,8.0,13
322400,2.0,13
322500,3.0,13
322600,1.0,13
322700,8.0,13
322800,2.0,13
322900,2.0,13
323000,3.0,13
323100,5.0,13
323200,3.0,13
323300,9.0,13
323400,8.0,13
323600,2.0,13
323700,5.0,13
323800,6.0,13
323900,5.0,13
324000,4.0,13
324100,2.0,13
324300,2.0,13
324400,8.0,13
324500,1.0,13
324600,4.0,13
324700,1.0,13
324800,6.0,13
325000,5.0,13
325100,6.0,13
325200,5.0,13
325300,7.0,13
325400,1.0,13
325600,6.0,13
325700,4.0,13
325800,6.0,13
325900,6.0,13
326000,1.0,13
326100,8.0,13
326300,4.0,13
326500,7.0,13
326700,9.0,13
326800,9.0,13
326900,6.0,13
327000,7.0,13
327100,8.0,13
327200,7.0,13
327300,1.0,13
327400,8.0,13
327500,7.0,13
327600,7.0,13
327700,3.0,13
327800,10.0,13
327900,9.0,13
328000,2.0,13
328200,7.0,13
328300,8.0,13
328400,8.0,13
328500,8.0,13
328600,10.0,13
328700,8.0,13
328800,9.0,13
328900,9.0,13
329000,1.0,13
329100,4.0,13
329200,3.0,13
329300,9.0,13
329400,8.0,13
329500,2.0,13
329600,9.0,13
329700,7.0,13
329800,9.0,13
329900,8.0,13
330000,1.0,13
330100,8.0,13
330200,8.0,13
330300,1.0,13
330400,9.0,13
330500,8.0,13
330600,1.0,13
330800,4.0,13
330900,4.0,13
331000,8.0,13
331100,8.0,13
331200,1.0,13
331300,1.0,13
331400,3.0,13
331500,8.0,13
331700,5.0,13
331800,6.0,13
331900,3.0,13
332000,1.0,13
332100,1.0,13
332200,1.0,13
332400,1.0,13
332500,3.0,13
332700,2.0,13
332900,1.0,13
333100,4.0,13
333200,3.0,13
333300,3.0,13
333700,4.0,13
333800,3.0,13
333900,4.0,13
334000,2.0,13
334100,1.0,13
334200,3.0,13
334300,1.0,13
334400,1.0,13
334500,1.0,13
334600,1.0,13
334700,5.0,13
334900,1.0,13
335000,1.0,13
335100,2.0,13
335200,1.0,13
335300,1.0,13
335400,4.0,13
335500,1.0,13
335600,1.0,13
335700,1.0,13
335800,3.0,13
335900,1.0,13
336000,3.0,13
336100,1.0,13
336200,4.0,13
336300,1.0,13
336400,2.0,13
336700,2.0,13
336800,3.0,13
336900,3.0,13
337000,4.0,13
337100,2.0,13
337200,4.0,13
337300,4.0,13
337400,2.0,13
337500,6.0,13
337600,6.0,13
337700,1.0,13
337800,4.0,13
337900,4.0,13
338100,6.0,13
338200,6.0,13
338300,8.0,13
338400,7.0,13
338500,8.0,13
338700,2.0,13
338800,2.0,13
338900,5.0,13
339000,3.0,13
339100,5.0,13
339200,5.0,13
339300,7.0,13
339400,1.0,13
339500,3.0,13
339600,6.0,13
339700,1.0,13
339800,5.0,13
339900,4.0,13
340000,2.0,13
340100,6.0,13
340200,8.0,13
340300,9.0,13
340400,4.0,13
340500,4.0,13
340600,6.0,13
340700,5.0,13
340800,7.0,13
341000,6.0,13
341100,9.0,13
341300,8.0,13
341400,8.0,13
341500,2.0,13
341800,4.0,13
341900,3.0,13
342000,4.0,13
342100,4.0,13
342200,4.0,13
342300,5.0,13
342400,5.0,13
342500,6.0,13
342600,5.0,13
342700,9.0,13
342800,9.0,13
343100,3.0,13
343300,5.0,13
343400,5.0,14
343500,3.0,14
343600,6.0,14
343700,4.0,14
343800,2.0,14
343900,6.0,14
344000,8.0,14
344100,6.0,14
344200,8.0,14
344300,4.0,14
344500,7.0,14
344700,7.0,14
344800,1.0,14
344900,3.0,14
345000,3.0,14
345100,2.0,14
345200,1.0,14
345300,1.0,14
345400,3.0,14
345500,4.0,14
345600,3.0,14
345700,4.0,14
345800,5.0,14
346000,3.0,14
346200,1.0,14
346400,1.0,14
346600,1.0,14
346700,1.0,14
346800,1.0,14
346900,1.0,14
347000,2.0,14
347100,2.0,14
347200,1.0,14
347300,2.0,14
347400,1.0,14
347500,1.0,14
347700,6.0,14
347800,3.0,14
347900,1.0,14
348000,1.0,14
348100,6.0,14
348200,4.0,14
348300,3.0,14
348400,3.0,14
348600,1.0,14
348700,1.0,14
348800,1.0,14
348900,1.0,14
349000,5.0,14
349100,4.0,14
349200,5.0,14
349300,2.0,14
349400,1.0,14
349600,3.0,14
349700,6.0,14
349800,3.0,14
349900,7.0,14
350000,8.0,14
350100,2.0,14
350200,1.0,14
350300,1.0,14
350400,6.0,14
350500,2.0,14
350600,4.0,14
350700,1.0,14
350900,9.0,14
351000,6.0,14
351100,3.0,14
351200,5.0,14
351300,7.0,14
351400,5.0,14
351500,2.0,14
351600,3.0,14
351700,8.0,14
351800,3.0,14
351900,5.0,14
352000,8.0,14
352100,3.0,14
352200,9.0,14
352300,3.0,14
352400,9.0,14
352500,1.0,14
352600,6.0,14
352700,7.0,14
352800,9.0,14
352900,7.0,14
353000,3.0,14
353100,9.0,14
353300,6.0,14
353400,8.0,14
353500,5.0,14
353600,4.0,14
353800,9.0,14
353900,6.0,14
354000,7.0,14
354100,8.0,14
354200,9.0,14
354400,4.0,14
354500,9.0,14
354600,9.0,14
354700,10.0,14
354800,2.0,14
354900,2.0,14
355000,1.0,14
355100,3.0,14
355200,8.0,14
355300,5.0,14
355400,1.0,14
355500,8.0,14
355600,2.0,14
355700,4.0,14
355800,4.0,14
355900,6.0,14
356000,6.0,14
356100,3.0,14
356200,5.0,14
356300,5.0,14
356400,8.0,14
356500,7.0,14
356600,6.0,14
356800,8.0,14
357300,3.0,15
357500,3.0,15
357600,1.0,15
357700,5.0,15
357900,7.0,15
358000,8.0,15
358100,4.0,15
358200,4.0,15
358300,3.0,15
358400,6.0,15
358500,4.0,15
358600,5.0,15
358700,2.0,15
358800,7.0,15
358900,3.0,15
359000,1.0,15
359100,4.0,15
359400,4.0,15
359500,6.0,15
359600,3.0,15
359700,3.0,15
359800,4.0,15
359900,5.0,15
360000,8.0,15
360200,6.0,15
360300,8.0,15
360400,9.0,15
360500,3.0,15
360600,6.0,15
360700,4.0,15
360800,1.0,15
360900,1.0,15
361000,10.0,15
361100,2.0,15
361200,1.0,15
361300,7.0,15
361400,3.0,15
361500,6.0,15
361600,6.0,15
361700,9.0,15
361900,6.0,15
362000,10.0,15
362100,9.0,15
362200,10.0,15
362300,2.0,15
362400,7.0,15
362500,9.0,15
362600,9.0,15
362700,9.0,15
362800,9.0,15
362900,8.0,15
363000,9.0,15
363100,6.0,15
363300,8.0,15
